country,threshold,area_ha,primary_forest_loss_ha,year
Angola,30,2458061,3499,2002
Argentina,30,4418724,9318,2002
Australia,30,13977,0,2002
Bangladesh,30,101114,619,2002
Belize,30,1165487,5570,2002
Benin,30,1952,0,2002
Bhutan,30,1645545,119,2002
Bolivia,30,40850721,70494,2002
Brazil,30,343260979,1621738,2002
Brunei,30,431532,474,2002
Burundi,30,24895,3,2002
Cambodia,30,4325701,18579,2002
Cameroon,30,19082102,10611,2002
Central African Republic,30,7364402,7005,2002
China,30,1760102,1823,2002
Colombia,30,54899530,63279,2002
Costa Rica,30,1489050,752,2002
Côte D'Ivoire,30,1364751,24188,2002
Cuba,30,440562,2957,2002
Democratic Republic Of The Congo,30,104595509,168992,2002
Dominican Republic,30,318332,451,2002
Ecuador,30,10662455,5707,2002
El Salvador,30,52839,52,2002
Equatorial Guinea,30,2249642,1138,2002
Ethiopia,30,1906097,1569,2002
Fiji,30,534683,19,2002
French Guiana,30,7854982,1628,2002
Gabon,30,22683195,7001,2002
Ghana,30,1091345,4435,2002
Guadeloupe,30,37068,2,2002
Guatemala,30,2583771,16077,2002
Guinea,30,235943,1100,2002
Guinea-Bissau,30,81741,137,2002
Guyana,30,17297907,2824,2002
Haiti,30,9193,17,2002
Honduras,30,2154615,7343,2002
India,30,6583055,8614,2002
Indonesia,30,93872195,271744,2002
Kenya,30,650650,2973,2002
Laos,30,8360414,13698,2002
Liberia,30,4430080,7330,2002
Madagascar,30,4873080,27044,2002
Malawi,30,5368,2,2002
Malaysia,30,15950084,61830,2002
Martinique,30,17257,2,2002
México,30,9263680,14336,2002
Mozambique,30,126645,143,2002
Myanmar,30,14142246,12938,2002
Nepal,30,745414,169,2002
Nicaragua,30,2024916,5753,2002
Nigeria,30,1917983,6131,2002
Panama,30,2945454,1890,2002
Papua New Guinea,30,32611659,23529,2002
Paraguay,30,3482020,50507,2002
Peru,30,69148716,46063,2002
Philippines,30,4588535,3498,2002
Republic Of The Congo,30,21157957,9973,2002
Rwanda,30,53781,4,2002
Senegal,30,10018,0,2002
Sierra Leone,30,276675,250,2002
Solomon Islands,30,1995711,2128,2002
South Africa,30,125843,350,2002
South Sudan,30,83939,54,2002
Sri Lanka,30,596414,524,2002
Suriname,30,12775501,1931,2002
Tanzania,30,743477,843,2002
Thailand,30,5966361,3855,2002
Togo,30,1653,2,2002
Uganda,30,509358,667,2002
United States,30,200776,12,2002
Vanuatu,30,371390,18,2002
Venezuela,30,38654064,11320,2002
Vietnam,30,6792860,11028,2002
"Virgin Islands, U.S.",30,2762,0,2002
Zambia,30,331125,62,2002
Zimbabwe,30,7612,14,2002
Angola,30,2458061,2963,2003
Argentina,30,4418724,14459,2003
Australia,30,13977,0,2003
Bangladesh,30,101114,266,2003
Belize,30,1165487,2993,2003
Benin,30,1952,0,2003
Bhutan,30,1645545,84,2003
Bolivia,30,40850721,77076,2003
Brazil,30,343260979,1570540,2003
Brunei,30,431532,379,2003
Burundi,30,24895,51,2003
Cambodia,30,4325701,24060,2003
Cameroon,30,19082102,9967,2003
Central African Republic,30,7364402,3025,2003
China,30,1760102,1590,2003
Colombia,30,54899530,32062,2003
Costa Rica,30,1489050,590,2003
Côte D'Ivoire,30,1364751,16575,2003
Cuba,30,440562,201,2003
Democratic Republic Of The Congo,30,104595509,78138,2003
Dominican Republic,30,318332,460,2003
Ecuador,30,10662455,3385,2003
El Salvador,30,52839,9,2003
Equatorial Guinea,30,2249642,960,2003
Ethiopia,30,1906097,2542,2003
Fiji,30,534683,53,2003
French Guiana,30,7854982,1267,2003
Gabon,30,22683195,10674,2003
Ghana,30,1091345,1872,2003
Guadeloupe,30,37068,3,2003
Guatemala,30,2583771,24301,2003
Guinea,30,235943,287,2003
Guinea-Bissau,30,81741,14,2003
Guyana,30,17297907,4216,2003
Haiti,30,9193,14,2003
Honduras,30,2154615,8855,2003
India,30,6583055,8255,2003
Indonesia,30,93872195,248435,2003
Kenya,30,650650,1568,2003
Laos,30,8360414,20468,2003
Liberia,30,4430080,4820,2003
Madagascar,30,4873080,15332,2003
Malawi,30,5368,9,2003
Malaysia,30,15950084,60417,2003
Martinique,30,17257,6,2003
México,30,9263680,17932,2003
Mozambique,30,126645,91,2003
Myanmar,30,14142246,13768,2003
Nepal,30,745414,284,2003
Nicaragua,30,2024916,5123,2003
Nigeria,30,1917983,1830,2003
Panama,30,2945454,1575,2003
Papua New Guinea,30,32611659,15365,2003
Paraguay,30,3482020,74443,2003
Peru,30,69148716,43729,2003
Philippines,30,4588535,4274,2003
Republic Of The Congo,30,21157957,9874,2003
Rwanda,30,53781,28,2003
Senegal,30,10018,0,2003
Sierra Leone,30,276675,176,2003
Solomon Islands,30,1995711,1276,2003
South Africa,30,125843,326,2003
South Sudan,30,83939,48,2003
Sri Lanka,30,596414,991,2003
Suriname,30,12775501,2243,2003
Tanzania,30,743477,726,2003
Thailand,30,5966361,4241,2003
Togo,30,1653,1,2003
Uganda,30,509358,1521,2003
United States,30,200776,8,2003
Vanuatu,30,371390,329,2003
Venezuela,30,38654064,20761,2003
Vietnam,30,6792860,9521,2003
"Virgin Islands, U.S.",30,2762,6,2003
Zambia,30,331125,133,2003
Zimbabwe,30,7612,8,2003
Angola,30,2458061,2354,2004
Argentina,30,4418724,28090,2004
Australia,30,13977,0,2004
Bangladesh,30,101114,347,2004
Belize,30,1165487,2108,2004
Benin,30,1952,0,2004
Bhutan,30,1645545,337,2004
Bolivia,30,40850721,96581,2004
Brazil,30,343260979,2016350,2004
Brunei,30,431532,584,2004
Burundi,30,24895,2,2004
Cambodia,30,4325701,44084,2004
Cameroon,30,19082102,9049,2004
Central African Republic,30,7364402,4096,2004
China,30,1760102,3421,2004
Colombia,30,54899530,81732,2004
Costa Rica,30,1489050,603,2004
Côte D'Ivoire,30,1364751,11229,2004
Cuba,30,440562,651,2004
Democratic Republic Of The Congo,30,104595509,123521,2004
Dominican Republic,30,318332,1065,2004
Ecuador,30,10662455,5446,2004
El Salvador,30,52839,77,2004
Equatorial Guinea,30,2249642,210,2004
Ethiopia,30,1906097,2729,2004
Fiji,30,534683,231,2004
French Guiana,30,7854982,3268,2004
Gabon,30,22683195,5698,2004
Ghana,30,1091345,1581,2004
Guadeloupe,30,37068,8,2004
Guatemala,30,2583771,17264,2004
Guinea,30,235943,552,2004
Guinea-Bissau,30,81741,75,2004
Guyana,30,17297907,2630,2004
Haiti,30,9193,52,2004
Honduras,30,2154615,7114,2004
India,30,6583055,14204,2004
Indonesia,30,93872195,479153,2004
Kenya,30,650650,2973,2004
Laos,30,8360414,17941,2004
Liberia,30,4430080,1782,2004
Madagascar,30,4873080,20283,2004
Malawi,30,5368,6,2004
Malaysia,30,15950084,113430,2004
Martinique,30,17257,13,2004
México,30,9263680,18118,2004
Mozambique,30,126645,184,2004
Myanmar,30,14142246,23285,2004
Nepal,30,745414,174,2004
Nicaragua,30,2024916,3182,2004
Nigeria,30,1917983,3055,2004
Panama,30,2945454,2482,2004
Papua New Guinea,30,32611659,25102,2004
Paraguay,30,3482020,65084,2004
Peru,30,69148716,62017,2004
Philippines,30,4588535,7078,2004
Republic Of The Congo,30,21157957,4995,2004
Rwanda,30,53781,6,2004
Senegal,30,10018,0,2004
Sierra Leone,30,276675,234,2004
Solomon Islands,30,1995711,2200,2004
South Africa,30,125843,430,2004
South Sudan,30,83939,80,2004
Sri Lanka,30,596414,466,2004
Suriname,30,12775501,2814,2004
Tanzania,30,743477,724,2004
Thailand,30,5966361,8018,2004
Togo,30,1653,0,2004
Uganda,30,509358,1587,2004
United States,30,200776,31,2004
Vanuatu,30,371390,110,2004
Venezuela,30,38654064,15891,2004
Vietnam,30,6792860,21113,2004
"Virgin Islands, U.S.",30,2762,0,2004
Zambia,30,331125,431,2004
Zimbabwe,30,7612,20,2004
Angola,30,2458061,3110,2005
Argentina,30,4418724,31429,2005
Australia,30,13977,0,2005
Bangladesh,30,101114,306,2005
Belize,30,1165487,3206,2005
Benin,30,1952,0,2005
Bhutan,30,1645545,315,2005
Bolivia,30,40850721,137883,2005
Brazil,30,343260979,1824217,2005
Brunei,30,431532,602,2005
Burundi,30,24895,15,2005
Cambodia,30,4325701,35978,2005
Cameroon,30,19082102,11078,2005
Central African Republic,30,7364402,5466,2005
China,30,1760102,3075,2005
Colombia,30,54899530,58905,2005
Costa Rica,30,1489050,869,2005
Côte D'Ivoire,30,1364751,6010,2005
Cuba,30,440562,1023,2005
Democratic Republic Of The Congo,30,104595509,149894,2005
Dominican Republic,30,318332,4977,2005
Ecuador,30,10662455,6210,2005
El Salvador,30,52839,31,2005
Equatorial Guinea,30,2249642,900,2005
Ethiopia,30,1906097,2302,2005
Fiji,30,534683,153,2005
French Guiana,30,7854982,2028,2005
Gabon,30,22683195,10815,2005
Ghana,30,1091345,3402,2005
Guadeloupe,30,37068,6,2005
Guatemala,30,2583771,33396,2005
Guinea,30,235943,270,2005
Guinea-Bissau,30,81741,76,2005
Guyana,30,17297907,3578,2005
Haiti,30,9193,36,2005
Honduras,30,2154615,14157,2005
India,30,6583055,11134,2005
Indonesia,30,93872195,478404,2005
Kenya,30,650650,1703,2005
Laos,30,8360414,21598,2005
Liberia,30,4430080,2168,2005
Madagascar,30,4873080,22517,2005
Malawi,30,5368,5,2005
Malaysia,30,15950084,114500,2005
Martinique,30,17257,7,2005
México,30,9263680,23047,2005
Mozambique,30,126645,278,2005
Myanmar,30,14142246,23420,2005
Nepal,30,745414,234,2005
Nicaragua,30,2024916,11309,2005
Nigeria,30,1917983,1922,2005
Panama,30,2945454,2338,2005
Papua New Guinea,30,32611659,16365,2005
Paraguay,30,3482020,57704,2005
Peru,30,69148716,97369,2005
Philippines,30,4588535,6332,2005
Republic Of The Congo,30,21157957,8608,2005
Rwanda,30,53781,14,2005
Senegal,30,10018,0,2005
Sierra Leone,30,276675,166,2005
Solomon Islands,30,1995711,3842,2005
South Africa,30,125843,522,2005
South Sudan,30,83939,46,2005
Sri Lanka,30,596414,546,2005
Suriname,30,12775501,1808,2005
Tanzania,30,743477,751,2005
Thailand,30,5966361,10671,2005
Togo,30,1653,1,2005
Uganda,30,509358,2899,2005
United States,30,200776,10,2005
Vanuatu,30,371390,52,2005
Venezuela,30,38654064,15561,2005
Vietnam,30,6792860,27779,2005
"Virgin Islands, U.S.",30,2762,1,2005
Zambia,30,331125,242,2005
Zimbabwe,30,7612,27,2005
Angola,30,2458061,1400,2006
Argentina,30,4418724,24095,2006
Australia,30,13977,25,2006
Bangladesh,30,101114,677,2006
Belize,30,1165487,1899,2006
Benin,30,1952,0,2006
Bhutan,30,1645545,256,2006
Bolivia,30,40850721,118782,2006
Brazil,30,343260979,1415536,2006
Brunei,30,431532,442,2006
Burundi,30,24895,5,2006
Cambodia,30,4325701,43268,2006
Cameroon,30,19082102,14845,2006
Central African Republic,30,7364402,5684,2006
China,30,1760102,4804,2006
Colombia,30,54899530,56033,2006
Costa Rica,30,1489050,715,2006
Côte D'Ivoire,30,1364751,16773,2006
Cuba,30,440562,467,2006
Democratic Republic Of The Congo,30,104595509,146457,2006
Dominican Republic,30,318332,535,2006
Ecuador,30,10662455,6448,2006
El Salvador,30,52839,47,2006
Equatorial Guinea,30,2249642,761,2006
Ethiopia,30,1906097,2562,2006
Fiji,30,534683,168,2006
French Guiana,30,7854982,1943,2006
Gabon,30,22683195,10494,2006
Ghana,30,1091345,3647,2006
Guadeloupe,30,37068,2,2006
Guatemala,30,2583771,18318,2006
Guinea,30,235943,235,2006
Guinea-Bissau,30,81741,48,2006
Guyana,30,17297907,3744,2006
Haiti,30,9193,21,2006
Honduras,30,2154615,14165,2006
India,30,6583055,11175,2006
Indonesia,30,93872195,468380,2006
Kenya,30,650650,3339,2006
Laos,30,8360414,33971,2006
Liberia,30,4430080,6005,2006
Madagascar,30,4873080,12821,2006
Malawi,30,5368,16,2006
Malaysia,30,15950084,113091,2006
Martinique,30,17257,3,2006
México,30,9263680,19413,2006
Mozambique,30,126645,278,2006
Myanmar,30,14142246,23065,2006
Nepal,30,745414,249,2006
Nicaragua,30,2024916,8817,2006
Nigeria,30,1917983,3457,2006
Panama,30,2945454,4574,2006
Papua New Guinea,30,32611659,24784,2006
Paraguay,30,3482020,27948,2006
Peru,30,69148716,58804,2006
Philippines,30,4588535,7143,2006
Republic Of The Congo,30,21157957,11788,2006
Rwanda,30,53781,39,2006
Senegal,30,10018,0,2006
Sierra Leone,30,276675,786,2006
Solomon Islands,30,1995711,2495,2006
South Africa,30,125843,438,2006
South Sudan,30,83939,46,2006
Sri Lanka,30,596414,413,2006
Suriname,30,12775501,1892,2006
Tanzania,30,743477,738,2006
Thailand,30,5966361,9544,2006
Togo,30,1653,0,2006
Uganda,30,509358,2891,2006
United States,30,200776,20,2006
Vanuatu,30,371390,68,2006
Venezuela,30,38654064,14243,2006
Vietnam,30,6792860,20141,2006
"Virgin Islands, U.S.",30,2762,1,2006
Zambia,30,331125,277,2006
Zimbabwe,30,7612,25,2006
Angola,30,2458061,8060,2007
Argentina,30,4418724,18687,2007
Australia,30,13977,0,2007
Bangladesh,30,101114,369,2007
Belize,30,1165487,4140,2007
Benin,30,1952,0,2007
Bhutan,30,1645545,186,2007
Bolivia,30,40850721,114368,2007
Brazil,30,343260979,1149515,2007
Brunei,30,431532,639,2007
Burundi,30,24895,13,2007
Cambodia,30,4325701,35528,2007
Cameroon,30,19082102,18347,2007
Central African Republic,30,7364402,8400,2007
China,30,1760102,7513,2007
Colombia,30,54899530,95557,2007
Costa Rica,30,1489050,846,2007
Côte D'Ivoire,30,1364751,17325,2007
Cuba,30,440562,464,2007
Democratic Republic Of The Congo,30,104595509,154990,2007
Dominican Republic,30,318332,955,2007
Ecuador,30,10662455,7010,2007
El Salvador,30,52839,47,2007
Equatorial Guinea,30,2249642,1526,2007
Ethiopia,30,1906097,5518,2007
Fiji,30,534683,127,2007
French Guiana,30,7854982,2421,2007
Gabon,30,22683195,10584,2007
Ghana,30,1091345,3013,2007
Guadeloupe,30,37068,4,2007
Guatemala,30,2583771,46799,2007
Guinea,30,235943,1035,2007
Guinea-Bissau,30,81741,65,2007
Guyana,30,17297907,3346,2007
Haiti,30,9193,38,2007
Honduras,30,2154615,12660,2007
India,30,6583055,12972,2007
Indonesia,30,93872195,525991,2007
Kenya,30,650650,3439,2007
Laos,30,8360414,44918,2007
Liberia,30,4430080,7639,2007
Madagascar,30,4873080,45969,2007
Malawi,30,5368,9,2007
Malaysia,30,15950084,142090,2007
Martinique,30,17257,9,2007
México,30,9263680,28997,2007
Mozambique,30,126645,180,2007
Myanmar,30,14142246,31292,2007
Nepal,30,745414,268,2007
Nicaragua,30,2024916,36159,2007
Nigeria,30,1917983,2752,2007
Panama,30,2945454,3112,2007
Papua New Guinea,30,32611659,25041,2007
Paraguay,30,3482020,85752,2007
Peru,30,69148716,77966,2007
Philippines,30,4588535,8752,2007
Republic Of The Congo,30,21157957,13688,2007
Rwanda,30,53781,8,2007
Senegal,30,10018,0,2007
Sierra Leone,30,276675,476,2007
Solomon Islands,30,1995711,3015,2007
South Africa,30,125843,414,2007
South Sudan,30,83939,102,2007
Sri Lanka,30,596414,675,2007
Suriname,30,12775501,2157,2007
Tanzania,30,743477,917,2007
Thailand,30,5966361,11326,2007
Togo,30,1653,5,2007
Uganda,30,509358,4043,2007
United States,30,200776,37,2007
Vanuatu,30,371390,27,2007
Venezuela,30,38654064,26102,2007
Vietnam,30,6792860,22289,2007
"Virgin Islands, U.S.",30,2762,1,2007
Zambia,30,331125,538,2007
Zimbabwe,30,7612,16,2007
Angola,30,2458061,2699,2008
Argentina,30,4418724,47067,2008
Australia,30,13977,0,2008
Bangladesh,30,101114,240,2008
Belize,30,1165487,3632,2008
Benin,30,1952,0,2008
Bhutan,30,1645545,319,2008
Bolivia,30,40850721,180543,2008
Brazil,30,343260979,1075087,2008
Brunei,30,431532,760,2008
Burundi,30,24895,18,2008
Cambodia,30,4325701,48730,2008
Cameroon,30,19082102,15037,2008
Central African Republic,30,7364402,5292,2008
China,30,1760102,4076,2008
Colombia,30,54899530,83586,2008
Costa Rica,30,1489050,1314,2008
Côte D'Ivoire,30,1364751,12553,2008
Cuba,30,440562,1204,2008
Democratic Republic Of The Congo,30,104595509,121474,2008
Dominican Republic,30,318332,1557,2008
Ecuador,30,10662455,8967,2008
El Salvador,30,52839,30,2008
Equatorial Guinea,30,2249642,2312,2008
Ethiopia,30,1906097,3590,2008
Fiji,30,534683,121,2008
French Guiana,30,7854982,3723,2008
Gabon,30,22683195,9314,2008
Ghana,30,1091345,2669,2008
Guadeloupe,30,37068,4,2008
Guatemala,30,2583771,29715,2008
Guinea,30,235943,540,2008
Guinea-Bissau,30,81741,68,2008
Guyana,30,17297907,6376,2008
Haiti,30,9193,41,2008
Honduras,30,2154615,14679,2008
India,30,6583055,16046,2008
Indonesia,30,93872195,469405,2008
Kenya,30,650650,1886,2008
Laos,30,8360414,24924,2008
Liberia,30,4430080,5891,2008
Madagascar,30,4873080,23616,2008
Malawi,30,5368,4,2008
Malaysia,30,15950084,139261,2008
Martinique,30,17257,18,2008
México,30,9263680,29557,2008
Mozambique,30,126645,327,2008
Myanmar,30,14142246,24123,2008
Nepal,30,745414,171,2008
Nicaragua,30,2024916,8020,2008
Nigeria,30,1917983,4089,2008
Panama,30,2945454,6855,2008
Papua New Guinea,30,32611659,33901,2008
Paraguay,30,3482020,53656,2008
Peru,30,69148716,88820,2008
Philippines,30,4588535,5656,2008
Republic Of The Congo,30,21157957,5893,2008
Rwanda,30,53781,26,2008
Senegal,30,10018,0,2008
Sierra Leone,30,276675,462,2008
Solomon Islands,30,1995711,4826,2008
South Africa,30,125843,541,2008
South Sudan,30,83939,47,2008
Sri Lanka,30,596414,498,2008
Suriname,30,12775501,4430,2008
Tanzania,30,743477,1056,2008
Thailand,30,5966361,7807,2008
Togo,30,1653,0,2008
Uganda,30,509358,4296,2008
United States,30,200776,32,2008
Vanuatu,30,371390,48,2008
Venezuela,30,38654064,19852,2008
Vietnam,30,6792860,34412,2008
"Virgin Islands, U.S.",30,2762,0,2008
Zambia,30,331125,305,2008
Zimbabwe,30,7612,8,2008
Angola,30,2458061,5342,2009
Argentina,30,4418724,20819,2009
Australia,30,13977,2,2009
Bangladesh,30,101114,557,2009
Belize,30,1165487,4407,2009
Benin,30,1952,1,2009
Bhutan,30,1645545,453,2009
Bolivia,30,40850721,108155,2009
Brazil,30,343260979,700115,2009
Brunei,30,431532,1242,2009
Burundi,30,24895,13,2009
Cambodia,30,4325701,65249,2009
Cameroon,30,19082102,19722,2009
Central African Republic,30,7364402,8869,2009
China,30,1760102,7281,2009
Colombia,30,54899530,65773,2009
Costa Rica,30,1489050,1997,2009
Côte D'Ivoire,30,1364751,14684,2009
Cuba,30,440562,758,2009
Democratic Republic Of The Congo,30,104595509,218277,2009
Dominican Republic,30,318332,788,2009
Ecuador,30,10662455,8138,2009
El Salvador,30,52839,50,2009
Equatorial Guinea,30,2249642,3136,2009
Ethiopia,30,1906097,3993,2009
Fiji,30,534683,102,2009
French Guiana,30,7854982,2088,2009
Gabon,30,22683195,11765,2009
Ghana,30,1091345,3536,2009
Guadeloupe,30,37068,5,2009
Guatemala,30,2583771,37509,2009
Guinea,30,235943,378,2009
Guinea-Bissau,30,81741,138,2009
Guyana,30,17297907,4928,2009
Haiti,30,9193,24,2009
Honduras,30,2154615,22179,2009
India,30,6583055,13974,2009
Indonesia,30,93872195,683825,2009
Kenya,30,650650,1596,2009
Laos,30,8360414,48412,2009
Liberia,30,4430080,13356,2009
Madagascar,30,4873080,34019,2009
Malawi,30,5368,12,2009
Malaysia,30,15950084,235849,2009
Martinique,30,17257,16,2009
México,30,9263680,46664,2009
Mozambique,30,126645,443,2009
Myanmar,30,14142246,41647,2009
Nepal,30,745414,476,2009
Nicaragua,30,2024916,16023,2009
Nigeria,30,1917983,3923,2009
Panama,30,2945454,5567,2009
Papua New Guinea,30,32611659,23179,2009
Paraguay,30,3482020,49611,2009
Peru,30,69148716,120183,2009
Philippines,30,4588535,6946,2009
Republic Of The Congo,30,21157957,7705,2009
Rwanda,30,53781,12,2009
Senegal,30,10018,0,2009
Sierra Leone,30,276675,960,2009
Solomon Islands,30,1995711,3126,2009
South Africa,30,125843,446,2009
South Sudan,30,83939,23,2009
Sri Lanka,30,596414,508,2009
Suriname,30,12775501,4226,2009
Tanzania,30,743477,937,2009
Thailand,30,5966361,13178,2009
Togo,30,1653,0,2009
Uganda,30,509358,2385,2009
United States,30,200776,39,2009
Vanuatu,30,371390,824,2009
Venezuela,30,38654064,23435,2009
Vietnam,30,6792860,46840,2009
"Virgin Islands, U.S.",30,2762,0,2009
Zambia,30,331125,1298,2009
Zimbabwe,30,7612,18,2009
Angola,30,2458061,5225,2010
Argentina,30,4418724,31328,2010
Australia,30,13977,0,2010
Bangladesh,30,101114,235,2010
Belize,30,1165487,4808,2010
Benin,30,1952,4,2010
Bhutan,30,1645545,818,2010
Bolivia,30,40850721,267662,2010
Brazil,30,343260979,1152945,2010
Brunei,30,431532,524,2010
Burundi,30,24895,13,2010
Cambodia,30,4325701,124807,2010
Cameroon,30,19082102,26814,2010
Central African Republic,30,7364402,11148,2010
China,30,1760102,5128,2010
Colombia,30,54899530,68729,2010
Costa Rica,30,1489050,1105,2010
Côte D'Ivoire,30,1364751,17377,2010
Cuba,30,440562,125,2010
Democratic Republic Of The Congo,30,104595509,265180,2010
Dominican Republic,30,318332,678,2010
Ecuador,30,10662455,8505,2010
El Salvador,30,52839,63,2010
Equatorial Guinea,30,2249642,3211,2010
Ethiopia,30,1906097,3455,2010
Fiji,30,534683,187,2010
French Guiana,30,7854982,2428,2010
Gabon,30,22683195,6237,2010
Ghana,30,1091345,1644,2010
Guadeloupe,30,37068,11,2010
Guatemala,30,2583771,22683,2010
Guinea,30,235943,332,2010
Guinea-Bissau,30,81741,138,2010
Guyana,30,17297907,6655,2010
Haiti,30,9193,12,2010
Honduras,30,2154615,21406,2010
India,30,6583055,9261,2010
Indonesia,30,93872195,540975,2010
Kenya,30,650650,6748,2010
Laos,30,8360414,49977,2010
Liberia,30,4430080,4633,2010
Madagascar,30,4873080,23825,2010
Malawi,30,5368,5,2010
Malaysia,30,15950084,139654,2010
Martinique,30,17257,6,2010
México,30,9263680,27958,2010
Mozambique,30,126645,658,2010
Myanmar,30,14142246,40067,2010
Nepal,30,745414,141,2010
Nicaragua,30,2024916,30518,2010
Nigeria,30,1917983,6780,2010
Panama,30,2945454,2971,2010
Papua New Guinea,30,32611659,32759,2010
Paraguay,30,3482020,72835,2010
Peru,30,69148716,100951,2010
Philippines,30,4588535,8880,2010
Republic Of The Congo,30,21157957,20597,2010
Rwanda,30,53781,24,2010
Senegal,30,10018,0,2010
Sierra Leone,30,276675,300,2010
Solomon Islands,30,1995711,3224,2010
South Africa,30,125843,272,2010
South Sudan,30,83939,78,2010
Sri Lanka,30,596414,354,2010
Suriname,30,12775501,4796,2010
Tanzania,30,743477,1086,2010
Thailand,30,5966361,12159,2010
Togo,30,1653,0,2010
Uganda,30,509358,4757,2010
United States,30,200776,29,2010
Vanuatu,30,371390,128,2010
Venezuela,30,38654064,25787,2010
Vietnam,30,6792860,64643,2010
"Virgin Islands, U.S.",30,2762,0,2010
Zambia,30,331125,2850,2010
Zimbabwe,30,7612,3,2010
Angola,30,2458061,4257,2011
Argentina,30,4418724,17365,2011
Australia,30,13977,1,2011
Bangladesh,30,101114,262,2011
Belize,30,1165487,16295,2011
Benin,30,1952,0,2011
Bhutan,30,1645545,379,2011
Bolivia,30,40850721,162698,2011
Brazil,30,343260979,802919,2011
Brunei,30,431532,1661,2011
Burundi,30,24895,7,2011
Cambodia,30,4325701,124153,2011
Cameroon,30,19082102,13505,2011
Central African Republic,30,7364402,9501,2011
China,30,1760102,5029,2011
Colombia,30,54899530,72571,2011
Costa Rica,30,1489050,995,2011
Côte D'Ivoire,30,1364751,29760,2011
Cuba,30,440562,310,2011
Democratic Republic Of The Congo,30,104595509,148639,2011
Dominican Republic,30,318332,581,2011
Ecuador,30,10662455,11186,2011
El Salvador,30,52839,71,2011
Equatorial Guinea,30,2249642,3709,2011
Ethiopia,30,1906097,2652,2011
Fiji,30,534683,54,2011
French Guiana,30,7854982,2153,2011
Gabon,30,22683195,8688,2011
Ghana,30,1091345,2751,2011
Guadeloupe,30,37068,3,2011
Guatemala,30,2583771,17185,2011
Guinea,30,235943,399,2011
Guinea-Bissau,30,81741,148,2011
Guyana,30,17297907,5831,2011
Haiti,30,9193,28,2011
Honduras,30,2154615,20322,2011
India,30,6583055,13505,2011
Indonesia,30,93872195,613905,2011
Kenya,30,650650,1410,2011
Laos,30,8360414,43363,2011
Liberia,30,4430080,5797,2011
Madagascar,30,4873080,54167,2011
Malawi,30,5368,2,2011
Malaysia,30,15950084,161194,2011
Martinique,30,17257,11,2011
México,30,9263680,29598,2011
Mozambique,30,126645,126,2011
Myanmar,30,14142246,25247,2011
Nepal,30,745414,104,2011
Nicaragua,30,2024916,14502,2011
Nigeria,30,1917983,7402,2011
Panama,30,2945454,4766,2011
Papua New Guinea,30,32611659,26449,2011
Paraguay,30,3482020,64105,2011
Peru,30,69148716,88877,2011
Philippines,30,4588535,4919,2011
Republic Of The Congo,30,21157957,13755,2011
Rwanda,30,53781,7,2011
Senegal,30,10018,0,2011
Sierra Leone,30,276675,601,2011
Solomon Islands,30,1995711,3094,2011
South Africa,30,125843,349,2011
South Sudan,30,83939,147,2011
Sri Lanka,30,596414,491,2011
Suriname,30,12775501,4125,2011
Tanzania,30,743477,802,2011
Thailand,30,5966361,8548,2011
Togo,30,1653,0,2011
Uganda,30,509358,7940,2011
United States,30,200776,42,2011
Vanuatu,30,371390,367,2011
Venezuela,30,38654064,15592,2011
Vietnam,30,6792860,45426,2011
"Virgin Islands, U.S.",30,2762,0,2011
Zambia,30,331125,176,2011
Zimbabwe,30,7612,3,2011
Angola,30,2458061,5594,2012
Argentina,30,4418724,24808,2012
Australia,30,13977,2,2012
Bangladesh,30,101114,326,2012
Belize,30,1165487,6799,2012
Benin,30,1952,13,2012
Bhutan,30,1645545,314,2012
Bolivia,30,40850721,148305,2012
Brazil,30,343260979,1116048,2012
Brunei,30,431532,1118,2012
Burundi,30,24895,4,2012
Cambodia,30,4325701,115198,2012
Cameroon,30,19082102,25416,2012
Central African Republic,30,7364402,10780,2012
China,30,1760102,7910,2012
Colombia,30,54899530,69565,2012
Costa Rica,30,1489050,758,2012
Côte D'Ivoire,30,1364751,23108,2012
Cuba,30,440562,244,2012
Democratic Republic Of The Congo,30,104595509,211233,2012
Dominican Republic,30,318332,1568,2012
Ecuador,30,10662455,16376,2012
El Salvador,30,52839,40,2012
Equatorial Guinea,30,2249642,2291,2012
Ethiopia,30,1906097,5076,2012
Fiji,30,534683,72,2012
French Guiana,30,7854982,7425,2012
Gabon,30,22683195,9507,2012
Ghana,30,1091345,2478,2012
Guadeloupe,30,37068,11,2012
Guatemala,30,2583771,27752,2012
Guinea,30,235943,589,2012
Guinea-Bissau,30,81741,110,2012
Guyana,30,17297907,8942,2012
Haiti,30,9193,48,2012
Honduras,30,2154615,10008,2012
India,30,6583055,15038,2012
Indonesia,30,93872195,855533,2012
Kenya,30,650650,1663,2012
Laos,30,8360414,42483,2012
Liberia,30,4430080,11267,2012
Madagascar,30,4873080,32422,2012
Malawi,30,5368,16,2012
Malaysia,30,15950084,244316,2012
Martinique,30,17257,21,2012
México,30,9263680,28223,2012
Mozambique,30,126645,397,2012
Myanmar,30,14142246,34050,2012
Nepal,30,745414,208,2012
Nicaragua,30,2024916,7260,2012
Nigeria,30,1917983,6061,2012
Panama,30,2945454,3124,2012
Papua New Guinea,30,32611659,39700,2012
Paraguay,30,3482020,83806,2012
Peru,30,69148716,177200,2012
Philippines,30,4588535,6889,2012
Republic Of The Congo,30,21157957,14805,2012
Rwanda,30,53781,6,2012
Senegal,30,10018,0,2012
Sierra Leone,30,276675,612,2012
Solomon Islands,30,1995711,5253,2012
South Africa,30,125843,335,2012
South Sudan,30,83939,86,2012
Sri Lanka,30,596414,1585,2012
Suriname,30,12775501,13539,2012
Tanzania,30,743477,1364,2012
Thailand,30,5966361,8069,2012
Togo,30,1653,1,2012
Uganda,30,509358,4559,2012
United States,30,200776,95,2012
Vanuatu,30,371390,62,2012
Venezuela,30,38654064,22108,2012
Vietnam,30,6792860,68368,2012
"Virgin Islands, U.S.",30,2762,1,2012
Zambia,30,331125,949,2012
Zimbabwe,30,7612,63,2012
Angola,30,2458061,9263,2013
Argentina,30,4418724,56681,2013
Australia,30,13977,21,2013
Bangladesh,30,101114,187,2013
Belize,30,1165487,8451,2013
Benin,30,1952,1,2013
Bhutan,30,1645545,191,2013
Bolivia,30,40850721,82243,2013
Brazil,30,343260979,632076,2013
Brunei,30,431532,608,2013
Burundi,30,24895,10,2013
Cambodia,30,4325701,123205,2013
Cameroon,30,19082102,42764,2013
Central African Republic,30,7364402,6481,2013
China,30,1760102,5568,2013
Colombia,30,54899530,57692,2013
Costa Rica,30,1489050,760,2013
Côte D'Ivoire,30,1364751,18874,2013
Cuba,30,440562,68,2013
Democratic Republic Of The Congo,30,104595509,351217,2013
Dominican Republic,30,318332,262,2013
Ecuador,30,10662455,11605,2013
El Salvador,30,52839,16,2013
Equatorial Guinea,30,2249642,4064,2013
Ethiopia,30,1906097,6608,2013
Fiji,30,534683,453,2013
French Guiana,30,7854982,1989,2013
Gabon,30,22683195,25802,2013
Ghana,30,1091345,5089,2013
Guadeloupe,30,37068,2,2013
Guatemala,30,2583771,19874,2013
Guinea,30,235943,1029,2013
Guinea-Bissau,30,81741,476,2013
Guyana,30,17297907,4511,2013
Haiti,30,9193,14,2013
Honduras,30,2154615,16969,2013
India,30,6583055,11685,2013
Indonesia,30,93872195,472991,2013
Kenya,30,650650,1622,2013
Laos,30,8360414,41314,2013
Liberia,30,4430080,16258,2013
Madagascar,30,4873080,65211,2013
Malawi,30,5368,18,2013
Malaysia,30,15950084,106043,2013
Martinique,30,17257,2,2013
México,30,9263680,36560,2013
Mozambique,30,126645,946,2013
Myanmar,30,14142246,31383,2013
Nepal,30,745414,50,2013
Nicaragua,30,2024916,14014,2013
Nigeria,30,1917983,6385,2013
Panama,30,2945454,3731,2013
Papua New Guinea,30,32611659,30630,2013
Paraguay,30,3482020,53483,2013
Peru,30,69148716,142872,2013
Philippines,30,4588535,10835,2013
Republic Of The Congo,30,21157957,24818,2013
Rwanda,30,53781,15,2013
Senegal,30,10018,0,2013
Sierra Leone,30,276675,2462,2013
Solomon Islands,30,1995711,5596,2013
South Africa,30,125843,540,2013
South Sudan,30,83939,144,2013
Sri Lanka,30,596414,226,2013
Suriname,30,12775501,6627,2013
Tanzania,30,743477,2629,2013
Thailand,30,5966361,3964,2013
Togo,30,1653,4,2013
Uganda,30,509358,3558,2013
United States,30,200776,86,2013
Vanuatu,30,371390,230,2013
Venezuela,30,38654064,15331,2013
Vietnam,30,6792860,26716,2013
"Virgin Islands, U.S.",30,2762,51,2013
Zambia,30,331125,1598,2013
Zimbabwe,30,7612,100,2013
Angola,30,2458061,10988,2014
Argentina,30,4418724,19308,2014
Australia,30,13977,7,2014
Bangladesh,30,101114,458,2014
Belize,30,1165487,9031,2014
Benin,30,1952,0,2014
Bhutan,30,1645545,462,2014
Bolivia,30,40850721,133075,2014
Brazil,30,343260979,940789,2014
Brunei,30,431532,1380,2014
Burundi,30,24895,47,2014
Cambodia,30,4325701,89479,2014
Cameroon,30,19082102,89176,2014
Central African Republic,30,7364402,8935,2014
China,30,1760102,5130,2014
Colombia,30,54899530,80027,2014
Costa Rica,30,1489050,955,2014
Côte D'Ivoire,30,1364751,36145,2014
Cuba,30,440562,59,2014
Democratic Republic Of The Congo,30,104595509,439347,2014
Dominican Republic,30,318332,740,2014
Ecuador,30,10662455,6335,2014
El Salvador,30,52839,25,2014
Equatorial Guinea,30,2249642,10678,2014
Ethiopia,30,1906097,5632,2014
Fiji,30,534683,244,2014
French Guiana,30,7854982,2813,2014
Gabon,30,22683195,29148,2014
Ghana,30,1091345,7429,2014
Guadeloupe,30,37068,1,2014
Guatemala,30,2583771,18245,2014
Guinea,30,235943,754,2014
Guinea-Bissau,30,81741,447,2014
Guyana,30,17297907,7789,2014
Haiti,30,9193,10,2014
Honduras,30,2154615,22265,2014
India,30,6583055,18278,2014
Indonesia,30,93872195,736796,2014
Kenya,30,650650,1210,2014
Laos,30,8360414,46967,2014
Liberia,30,4430080,18962,2014
Madagascar,30,4873080,78698,2014
Malawi,30,5368,17,2014
Malaysia,30,15950084,230442,2014
Martinique,30,17257,0,2014
México,30,9263680,23786,2014
Mozambique,30,126645,644,2014
Myanmar,30,14142246,42156,2014
Nepal,30,745414,59,2014
Nicaragua,30,2024916,23323,2014
Nigeria,30,1917983,9928,2014
Panama,30,2945454,2707,2014
Papua New Guinea,30,32611659,58476,2014
Paraguay,30,3482020,38156,2014
Peru,30,69148716,133078,2014
Philippines,30,4588535,11483,2014
Republic Of The Congo,30,21157957,31142,2014
Rwanda,30,53781,34,2014
Senegal,30,10018,0,2014
Sierra Leone,30,276675,1762,2014
Solomon Islands,30,1995711,10326,2014
South Africa,30,125843,516,2014
South Sudan,30,83939,85,2014
Sri Lanka,30,596414,365,2014
Suriname,30,12775501,9659,2014
Tanzania,30,743477,3419,2014
Thailand,30,5966361,4636,2014
Togo,30,1653,25,2014
Uganda,30,509358,3435,2014
United States,30,200776,162,2014
Vanuatu,30,371390,118,2014
Venezuela,30,38654064,20598,2014
Vietnam,30,6792860,41815,2014
"Virgin Islands, U.S.",30,2762,17,2014
Zambia,30,331125,2061,2014
Zimbabwe,30,7612,37,2014
Angola,30,2458061,8998,2015
Argentina,30,4418724,10547,2015
Australia,30,13977,5,2015
Bangladesh,30,101114,205,2015
Belize,30,1165487,6606,2015
Benin,30,1952,2,2015
Bhutan,30,1645545,278,2015
Bolivia,30,40850721,83291,2015
Brazil,30,343260979,828839,2015
Brunei,30,431532,806,2015
Burundi,30,24895,16,2015
Cambodia,30,4325701,70684,2015
Cameroon,30,19082102,40994,2015
Central African Republic,30,7364402,5064,2015
China,30,1760102,3645,2015
Colombia,30,54899530,49639,2015
Costa Rica,30,1489050,220,2015
Côte D'Ivoire,30,1364751,15595,2015
Cuba,30,440562,155,2015
Democratic Republic Of The Congo,30,104595509,322814,2015
Dominican Republic,30,318332,1821,2015
Ecuador,30,10662455,8487,2015
El Salvador,30,52839,38,2015
Equatorial Guinea,30,2249642,4050,2015
Ethiopia,30,1906097,1200,2015
Fiji,30,534683,118,2015
French Guiana,30,7854982,1945,2015
Gabon,30,22683195,15816,2015
Ghana,30,1091345,3616,2015
Guadeloupe,30,37068,4,2015
Guatemala,30,2583771,16753,2015
Guinea,30,235943,1136,2015
Guinea-Bissau,30,81741,407,2015
Guyana,30,17297907,8462,2015
Haiti,30,9193,20,2015
Honduras,30,2154615,15366,2015
India,30,6583055,17494,2015
Indonesia,30,93872195,666636,2015
Kenya,30,650650,3054,2015
Laos,30,8360414,58980,2015
Liberia,30,4430080,25850,2015
Madagascar,30,4873080,57831,2015
Malawi,30,5368,21,2015
Malaysia,30,15950084,154364,2015
Martinique,30,17257,0,2015
México,30,9263680,32644,2015
Mozambique,30,126645,559,2015
Myanmar,30,14142246,41429,2015
Nepal,30,745414,97,2015
Nicaragua,30,2024916,12542,2015
Nigeria,30,1917983,5318,2015
Panama,30,2945454,2033,2015
Papua New Guinea,30,32611659,77940,2015
Paraguay,30,3482020,28270,2015
Peru,30,69148716,104841,2015
Philippines,30,4588535,6477,2015
Republic Of The Congo,30,21157957,18197,2015
Rwanda,30,53781,9,2015
Senegal,30,10018,0,2015
Sierra Leone,30,276675,3169,2015
Solomon Islands,30,1995711,9286,2015
South Africa,30,125843,533,2015
South Sudan,30,83939,65,2015
Sri Lanka,30,596414,360,2015
Suriname,30,12775501,8079,2015
Tanzania,30,743477,1519,2015
Thailand,30,5966361,2285,2015
Togo,30,1653,0,2015
Uganda,30,509358,3129,2015
United States,30,200776,265,2015
Vanuatu,30,371390,699,2015
Venezuela,30,38654064,15534,2015
Vietnam,30,6792860,38580,2015
"Virgin Islands, U.S.",30,2762,0,2015
Zambia,30,331125,2336,2015
Zimbabwe,30,7612,62,2015
Angola,30,2458061,12040,2016
Argentina,30,4418724,15247,2016
Australia,30,13977,0,2016
Bangladesh,30,101114,345,2016
Belize,30,1165487,11511,2016
Benin,30,1952,1,2016
Bhutan,30,1645545,703,2016
Bolivia,30,40850721,245876,2016
Brazil,30,343260979,2830943,2016
Brunei,30,431532,1089,2016
Burundi,30,24895,27,2016
Cambodia,30,4325701,94024,2016
Cameroon,30,19082102,58602,2016
Central African Republic,30,7364402,20129,2016
China,30,1760102,3709,2016
Colombia,30,54899530,108555,2016
Costa Rica,30,1489050,1588,2016
Côte D'Ivoire,30,1364751,16913,2016
Cuba,30,440562,302,2016
Democratic Republic Of The Congo,30,104595509,499562,2016
Dominican Republic,30,318332,2866,2016
Ecuador,30,10662455,13211,2016
El Salvador,30,52839,412,2016
Equatorial Guinea,30,2249642,5046,2016
Ethiopia,30,1906097,2873,2016
Fiji,30,534683,3094,2016
French Guiana,30,7854982,3921,2016
Gabon,30,22683195,18885,2016
Ghana,30,1091345,13747,2016
Guadeloupe,30,37068,0,2016
Guatemala,30,2583771,63256,2016
Guinea,30,235943,1542,2016
Guinea-Bissau,30,81741,527,2016
Guyana,30,17297907,16688,2016
Haiti,30,9193,2031,2016
Honduras,30,2154615,46023,2016
India,30,6583055,24375,2016
Indonesia,30,93872195,928658,2016
Kenya,30,650650,2052,2016
Laos,30,8360414,76124,2016
Liberia,30,4430080,19753,2016
Madagascar,30,4873080,74991,2016
Malawi,30,5368,22,2016
Malaysia,30,15950084,185232,2016
Martinique,30,17257,1,2016
México,30,9263680,50079,2016
Mozambique,30,126645,923,2016
Myanmar,30,14142246,54825,2016
Nepal,30,745414,183,2016
Nicaragua,30,2024916,47402,2016
Nigeria,30,1917983,12335,2016
Panama,30,2945454,5906,2016
Papua New Guinea,30,32611659,80231,2016
Paraguay,30,3482020,45862,2016
Peru,30,69148716,142709,2016
Philippines,30,4588535,13386,2016
Republic Of The Congo,30,21157957,43659,2016
Rwanda,30,53781,22,2016
Senegal,30,10018,1,2016
Sierra Leone,30,276675,2963,2016
Solomon Islands,30,1995711,11672,2016
South Africa,30,125843,594,2016
South Sudan,30,83939,86,2016
Sri Lanka,30,596414,425,2016
Suriname,30,12775501,10456,2016
Tanzania,30,743477,2227,2016
Thailand,30,5966361,4762,2016
Togo,30,1653,242,2016
Uganda,30,509358,4314,2016
United States,30,200776,285,2016
Vanuatu,30,371390,224,2016
Venezuela,30,38654064,84699,2016
Vietnam,30,6792860,68841,2016
"Virgin Islands, U.S.",30,2762,0,2016
Zambia,30,331125,2860,2016
Zimbabwe,30,7612,50,2016
Angola,30,2458061,11166,2017
Argentina,30,4418724,17202,2017
Australia,30,13977,0,2017
Bangladesh,30,101114,414,2017
Belize,30,1165487,6616,2017
Benin,30,1952,1,2017
Bhutan,30,1645545,790,2017
Bolivia,30,40850721,270242,2017
Brazil,30,343260979,2134474,2017
Brunei,30,431532,518,2017
Burundi,30,24895,13,2017
Cambodia,30,4325701,53817,2017
Cameroon,30,19082102,89782,2017
Central African Republic,30,7364402,15442,2017
China,30,1760102,2380,2017
Colombia,30,54899530,161904,2017
Costa Rica,30,1489050,7665,2017
Côte D'Ivoire,30,1364751,20423,2017
Cuba,30,440562,28907,2017
Democratic Republic Of The Congo,30,104595509,471868,2017
Dominican Republic,30,318332,1574,2017
Ecuador,30,10662455,21129,2017
El Salvador,30,52839,128,2017
Equatorial Guinea,30,2249642,6467,2017
Ethiopia,30,1906097,7630,2017
Fiji,30,534683,565,2017
French Guiana,30,7854982,2739,2017
Gabon,30,22683195,22915,2017
Ghana,30,1091345,7683,2017
Guadeloupe,30,37068,3,2017
Guatemala,30,2583771,22047,2017
Guinea,30,235943,1675,2017
Guinea-Bissau,30,81741,504,2017
Guyana,30,17297907,13504,2017
Haiti,30,9193,379,2017
Honduras,30,2154615,37700,2017
India,30,6583055,23806,2017
Indonesia,30,93872195,373254,2017
Kenya,30,650650,3133,2017
Laos,30,8360414,60679,2017
Liberia,30,4430080,24957,2017
Madagascar,30,4873080,109612,2017
Malawi,30,5368,28,2017
Malaysia,30,15950084,162423,2017
Martinique,30,17257,5,2017
México,30,9263680,55663,2017
Mozambique,30,126645,3278,2017
Myanmar,30,14142246,39688,2017
Nepal,30,745414,410,2017
Nicaragua,30,2024916,150613,2017
Nigeria,30,1917983,17389,2017
Panama,30,2945454,5926,2017
Papua New Guinea,30,32611659,63580,2017
Paraguay,30,3482020,70055,2017
Peru,30,69148716,181024,2017
Philippines,30,4588535,13698,2017
Republic Of The Congo,30,21157957,26702,2017
Rwanda,30,53781,14,2017
Senegal,30,10018,0,2017
Sierra Leone,30,276675,4180,2017
Solomon Islands,30,1995711,14326,2017
South Africa,30,125843,2016,2017
South Sudan,30,83939,234,2017
Sri Lanka,30,596414,627,2017
Suriname,30,12775501,13717,2017
Tanzania,30,743477,2204,2017
Thailand,30,5966361,3660,2017
Togo,30,1653,9,2017
Uganda,30,509358,4858,2017
United States,30,200776,26,2017
Vanuatu,30,371390,187,2017
Venezuela,30,38654064,43748,2017
Vietnam,30,6792860,45060,2017
"Virgin Islands, U.S.",30,2762,0,2017
Zambia,30,331125,3360,2017
Zimbabwe,30,7612,275,2017
Angola,30,2458061,13507,2018
Argentina,30,4418724,9496,2018
Australia,30,13977,0,2018
Bangladesh,30,101114,358,2018
Belize,30,1165487,4781,2018
Benin,30,1952,0,2018
Bhutan,30,1645545,406,2018
Bolivia,30,40850721,154537,2018
Brazil,30,343260979,1347176,2018
Brunei,30,431532,449,2018
Burundi,30,24895,33,2018
Cambodia,30,4325701,45519,2018
Cameroon,30,19082102,57935,2018
Central African Republic,30,7364402,7741,2018
China,30,1760102,1458,2018
Colombia,30,54899530,176903,2018
Costa Rica,30,1489050,1709,2018
Côte D'Ivoire,30,1364751,25673,2018
Cuba,30,440562,2551,2018
Democratic Republic Of The Congo,30,104595509,481248,2018
Dominican Republic,30,318332,293,2018
Ecuador,30,10662455,13235,2018
El Salvador,30,52839,79,2018
Equatorial Guinea,30,2249642,4036,2018
Ethiopia,30,1906097,3798,2018
Fiji,30,534683,199,2018
French Guiana,30,7854982,2616,2018
Gabon,30,22683195,12250,2018
Ghana,30,1091345,12284,2018
Guadeloupe,30,37068,8,2018
Guatemala,30,2583771,18309,2018
Guinea,30,235943,1138,2018
Guinea-Bissau,30,81741,451,2018
Guyana,30,17297907,7627,2018
Haiti,30,9193,27,2018
Honduras,30,2154615,32644,2018
India,30,6583055,15514,2018
Indonesia,30,93872195,339888,2018
Kenya,30,650650,2649,2018
Laos,30,8360414,54579,2018
Liberia,30,4430080,27853,2018
Madagascar,30,4873080,94785,2018
Malawi,30,5368,28,2018
Malaysia,30,15950084,144571,2018
Martinique,30,17257,2,2018
México,30,9263680,45350,2018
Mozambique,30,126645,537,2018
Myanmar,30,14142246,35912,2018
Nepal,30,745414,150,2018
Nicaragua,30,2024916,32008,2018
Nigeria,30,1917983,15182,2018
Panama,30,2945454,6129,2018
Papua New Guinea,30,32611659,77265,2018
Paraguay,30,3482020,25298,2018
Peru,30,69148716,140103,2018
Philippines,30,4588535,9222,2018
Republic Of The Congo,30,21157957,26847,2018
Rwanda,30,53781,39,2018
Senegal,30,10018,0,2018
Sierra Leone,30,276675,3401,2018
Solomon Islands,30,1995711,13350,2018
South Africa,30,125843,777,2018
South Sudan,30,83939,79,2018
Sri Lanka,30,596414,437,2018
Suriname,30,12775501,15366,2018
Tanzania,30,743477,2263,2018
Thailand,30,5966361,1942,2018
Togo,30,1653,2,2018
Uganda,30,509358,4087,2018
United States,30,200776,88,2018
Vanuatu,30,371390,238,2018
Venezuela,30,38654064,30125,2018
Vietnam,30,6792860,33410,2018
"Virgin Islands, U.S.",30,2762,0,2018
Zambia,30,331125,2424,2018
Zimbabwe,30,7612,27,2018
Angola,30,2458061,9995,2019
Argentina,30,4418724,8983,2019
Australia,30,13977,5,2019
Bangladesh,30,101114,387,2019
Belize,30,1165487,8772,2019
Benin,30,1952,2,2019
Bhutan,30,1645545,294,2019
Bolivia,30,40850721,290650,2019
Brazil,30,343260979,1361053,2019
Brunei,30,431532,447,2019
Burundi,30,24895,13,2019
Cambodia,30,4325701,62898,2019
Cameroon,30,19082102,54421,2019
Central African Republic,30,7364402,11530,2019
China,30,1760102,1363,2019
Colombia,30,54899530,115137,2019
Costa Rica,30,1489050,1432,2019
Côte D'Ivoire,30,1364751,11651,2019
Cuba,30,440562,89,2019
Democratic Republic Of The Congo,30,104595509,475245,2019
Dominican Republic,30,318332,510,2019
Ecuador,30,10662455,12255,2019
El Salvador,30,52839,62,2019
Equatorial Guinea,30,2249642,4276,2019
Ethiopia,30,1906097,7379,2019
Fiji,30,534683,76,2019
French Guiana,30,7854982,2270,2019
Gabon,30,22683195,13815,2019
Ghana,30,1091345,5819,2019
Guadeloupe,30,37068,5,2019
Guatemala,30,2583771,30338,2019
Guinea,30,235943,1056,2019
Guinea-Bissau,30,81741,372,2019
Guyana,30,17297907,12963,2019
Haiti,30,9193,34,2019
Honduras,30,2154615,32910,2019
India,30,6583055,14467,2019
Indonesia,30,93872195,323646,2019
Kenya,30,650650,2798,2019
Laos,30,8360414,72038,2019
Liberia,30,4430080,23408,2019
Madagascar,30,4873080,54256,2019
Malawi,30,5368,43,2019
Malaysia,30,15950084,120185,2019
Martinique,30,17257,1,2019
México,30,9263680,65713,2019
Mozambique,30,126645,800,2019
Myanmar,30,14142246,38309,2019
Nepal,30,745414,192,2019
Nicaragua,30,2024916,33909,2019
Nigeria,30,1917983,12095,2019
Panama,30,2945454,6234,2019
Papua New Guinea,30,32611659,57963,2019
Paraguay,30,3482020,50690,2019
Peru,30,69148716,161514,2019
Philippines,30,4588535,7585,2019
Republic Of The Congo,30,21157957,30647,2019
Rwanda,30,53781,13,2019
Senegal,30,10018,0,2019
Sierra Leone,30,276675,3542,2019
Solomon Islands,30,1995711,12323,2019
South Africa,30,125843,937,2019
South Sudan,30,83939,335,2019
Sri Lanka,30,596414,412,2019
Suriname,30,12775501,14013,2019
Tanzania,30,743477,2668,2019
Thailand,30,5966361,2603,2019
Togo,30,1653,0,2019
Uganda,30,509358,3334,2019
United States,30,200776,73,2019
Vanuatu,30,371390,51,2019
Venezuela,30,38654064,58767,2019
Vietnam,30,6792860,30898,2019
"Virgin Islands, U.S.",30,2762,0,2019
Zambia,30,331125,2555,2019
Zimbabwe,30,7612,50,2019
Angola,30,2458061,8895,2020
Argentina,30,4418724,20847,2020
Australia,30,13977,0,2020
Bangladesh,30,101114,459,2020
Belize,30,1165487,16087,2020
Benin,30,1952,0,2020
Bhutan,30,1645545,472,2020
Bolivia,30,40850721,276102,2020
Brazil,30,343260979,1703491,2020
Brunei,30,431532,543,2020
Burundi,30,24895,26,2020
Cambodia,30,4325701,62305,2020
Cameroon,30,19082102,100294,2020
Central African Republic,30,7364402,14741,2020
China,30,1760102,1138,2020
Colombia,30,54899530,166517,2020
Costa Rica,30,1489050,1278,2020
Côte D'Ivoire,30,1364751,12960,2020
Cuba,30,440562,305,2020
Democratic Republic Of The Congo,30,104595509,490613,2020
Dominican Republic,30,318332,1850,2020
Ecuador,30,10662455,19760,2020
El Salvador,30,52839,89,2020
Equatorial Guinea,30,2249642,1977,2020
Ethiopia,30,1906097,4603,2020
Fiji,30,534683,166,2020
French Guiana,30,7854982,3135,2020
Gabon,30,22683195,10628,2020
Ghana,30,1091345,14270,2020
Guadeloupe,30,37068,2,2020
Guatemala,30,2583771,39449,2020
Guinea,30,235943,1299,2020
Guinea-Bissau,30,81741,507,2020
Guyana,30,17297907,10763,2020
Haiti,30,9193,16,2020
Honduras,30,2154615,41687,2020
India,30,6583055,16992,2020
Indonesia,30,93872195,270056,2020
Kenya,30,650650,3545,2020
Laos,30,8360414,82234,2020
Liberia,30,4430080,31821,2020
Madagascar,30,4873080,57747,2020
Malawi,30,5368,146,2020
Malaysia,30,15950084,72977,2020
Martinique,30,17257,3,2020
México,30,9263680,68284,2020
Mozambique,30,126645,307,2020
Myanmar,30,14142246,44445,2020
Nepal,30,745414,170,2020
Nicaragua,30,2024916,52625,2020
Nigeria,30,1917983,14586,2020
Panama,30,2945454,6598,2020
Papua New Guinea,30,32611659,44864,2020
Paraguay,30,3482020,58572,2020
Peru,30,69148716,190144,2020
Philippines,30,4588535,7750,2020
Republic Of The Congo,30,21157957,26295,2020
Rwanda,30,53781,113,2020
Senegal,30,10018,1,2020
Sierra Leone,30,276675,2957,2020
Solomon Islands,30,1995711,10457,2020
South Africa,30,125843,879,2020
South Sudan,30,83939,86,2020
Sri Lanka,30,596414,282,2020
Suriname,30,12775501,11076,2020
Tanzania,30,743477,3466,2020
Thailand,30,5966361,3556,2020
Togo,30,1653,1,2020
Uganda,30,509358,3585,2020
United States,30,200776,39,2020
Vanuatu,30,371390,1674,2020
Venezuela,30,38654064,53669,2020
Vietnam,30,6792860,32629,2020
"Virgin Islands, U.S.",30,2762,0,2020
Zambia,30,331125,2165,2020
Zimbabwe,30,7612,37,2020
Angola,30,2458061,24326,2021
Argentina,30,4418724,11921,2021
Australia,30,13977,0,2021
Bangladesh,30,101114,308,2021
Belize,30,1165487,4560,2021
Benin,30,1952,0,2021
Bhutan,30,1645545,399,2021
Bolivia,30,40850721,292264,2021
Brazil,30,343260979,1546964,2021
Brunei,30,431532,516,2021
Burundi,30,24895,14,2021
Cambodia,30,4325701,63979,2021
Cameroon,30,19082102,88755,2021
Central African Republic,30,7364402,19709,2021
China,30,1760102,1212,2021
Colombia,30,54899530,128570,2021
Costa Rica,30,1489050,1059,2021
Côte D'Ivoire,30,1364751,6616,2021
Cuba,30,440562,349,2021
Democratic Republic Of The Congo,30,104595509,499059,2021
Dominican Republic,30,318332,593,2021
Ecuador,30,10662455,12510,2021
El Salvador,30,52839,32,2021
Equatorial Guinea,30,2249642,3714,2021
Ethiopia,30,1906097,4349,2021
Fiji,30,534683,1069,2021
French Guiana,30,7854982,1678,2021
Gabon,30,22683195,8858,2021
Ghana,30,1091345,10699,2021
Guadeloupe,30,37068,2,2021
Guatemala,30,2583771,15167,2021
Guinea,30,235943,798,2021
Guinea-Bissau,30,81741,349,2021
Guyana,30,17297907,7088,2021
Haiti,30,9193,131,2021
Honduras,30,2154615,36600,2021
India,30,6583055,18335,2021
Indonesia,30,93872195,202905,2021
Kenya,30,650650,445,2021
Laos,30,8360414,80938,2021
Liberia,30,4430080,24820,2021
Madagascar,30,4873080,43744,2021
Malawi,30,5368,52,2021
Malaysia,30,15950084,72235,2021
Martinique,30,17257,2,2021
México,30,9263680,35115,2021
Mozambique,30,126645,276,2021
Myanmar,30,14142246,44566,2021
Nepal,30,745414,249,2021
Nicaragua,30,2024916,54030,2021
Nigeria,30,1917983,12138,2021
Panama,30,2945454,5310,2021
Papua New Guinea,30,32611659,43336,2021
Paraguay,30,3482020,44669,2021
Peru,30,69148716,154181,2021
Philippines,30,4588535,6828,2021
Republic Of The Congo,30,21157957,19570,2021
Rwanda,30,53781,42,2021
Senegal,30,10018,0,2021
Sierra Leone,30,276675,3271,2021
Solomon Islands,30,1995711,8505,2021
South Africa,30,125843,632,2021
South Sudan,30,83939,74,2021
Sri Lanka,30,596414,281,2021
Suriname,30,12775501,10112,2021
Tanzania,30,743477,1926,2021
Thailand,30,5966361,2903,2021
Togo,30,1653,12,2021
Uganda,30,509358,3751,2021
United States,30,200776,4,2021
Vanuatu,30,371390,13,2021
Venezuela,30,38654064,22680,2021
Vietnam,30,6792860,29028,2021
"Virgin Islands, U.S.",30,2762,0,2021
Zambia,30,331125,2911,2021
Zimbabwe,30,7612,42,2021
Angola,30,2458061,15576,2022
Argentina,30,4418724,21388,2022
Australia,30,13977,0,2022
Bangladesh,30,101114,307,2022
Belize,30,1165487,4033,2022
Benin,30,1952,0,2022
Bhutan,30,1645545,513,2022
Bolivia,30,40850721,384708,2022
Brazil,30,343260979,1772214,2022
Brunei,30,431532,537,2022
Burundi,30,24895,4,2022
Cambodia,30,4325701,45382,2022
Cameroon,30,19082102,76311,2022
Central African Republic,30,7364402,13242,2022
China,30,1760102,1533,2022
Colombia,30,54899530,128435,2022
Costa Rica,30,1489050,1156,2022
Côte D'Ivoire,30,1364751,8585,2022
Cuba,30,440562,271,2022
Democratic Republic Of The Congo,30,104595509,512676,2022
Dominican Republic,30,318332,507,2022
Ecuador,30,10662455,21027,2022
El Salvador,30,52839,46,2022
Equatorial Guinea,30,2249642,3900,2022
Ethiopia,30,1906097,4004,2022
Fiji,30,534683,142,2022
French Guiana,30,7854982,2827,2022
Gabon,30,22683195,14510,2022
Ghana,30,1091345,17972,2022
Guadeloupe,30,37068,3,2022
Guatemala,30,2583771,12200,2022
Guinea,30,235943,944,2022
Guinea-Bissau,30,81741,380,2022
Guyana,30,17297907,7883,2022
Haiti,30,9193,14,2022
Honduras,30,2154615,30126,2022
India,30,6583055,16878,2022
Indonesia,30,93872195,230002,2022
Kenya,30,650650,867,2022
Laos,30,8360414,93087,2022
Liberia,30,4430080,30365,2022
Madagascar,30,4873080,46545,2022
Malawi,30,5368,93,2022
Malaysia,30,15950084,71927,2022
Martinique,30,17257,1,2022
México,30,9263680,38404,2022
Mozambique,30,126645,516,2022
Myanmar,30,14142246,37797,2022
Nepal,30,745414,310,2022
Nicaragua,30,2024916,22637,2022
Nigeria,30,1917983,12858,2022
Panama,30,2945454,4019,2022
Papua New Guinea,30,32611659,74969,2022
Paraguay,30,3482020,32588,2022
Peru,30,69148716,160921,2022
Philippines,30,4588535,27288,2022
Republic Of The Congo,30,21157957,26089,2022
Rwanda,30,53781,14,2022
Senegal,30,10018,0,2022
Sierra Leone,30,276675,3204,2022
Solomon Islands,30,1995711,10137,2022
South Africa,30,125843,300,2022
South Sudan,30,83939,107,2022
Sri Lanka,30,596414,238,2022
Suriname,30,12775501,12041,2022
Tanzania,30,743477,1756,2022
Thailand,30,5966361,3291,2022
Togo,30,1653,13,2022
Uganda,30,509358,3408,2022
United States,30,200776,9,2022
Vanuatu,30,371390,15,2022
Venezuela,30,38654064,19802,2022
Vietnam,30,6792860,21676,2022
"Virgin Islands, U.S.",30,2762,0,2022
Zambia,30,331125,2422,2022
Zimbabwe,30,7612,55,2022
Angola,30,2458061,17627,2023
Argentina,30,4418724,11473,2023
Australia,30,13977,0,2023
Bangladesh,30,101114,743,2023
Belize,30,1165487,11667,2023
Benin,30,1952,0,2023
Bhutan,30,1645545,658,2023
Bolivia,30,40850721,490542,2023
Brazil,30,343260979,1136250,2023
Brunei,30,431532,496,2023
Burundi,30,24895,8,2023
Cambodia,30,4325701,48257,2023
Cameroon,30,19082102,102887,2023
Central African Republic,30,7364402,13985,2023
China,30,1760102,1884,2023
Colombia,30,54899530,66121,2023
Costa Rica,30,1489050,1373,2023
Côte D'Ivoire,30,1364751,6864,2023
Cuba,30,440562,692,2023
Democratic Republic Of The Congo,30,104595509,526168,2023
Dominican Republic,30,318332,1275,2023
Ecuador,30,10662455,14305,2023
El Salvador,30,52839,31,2023
Equatorial Guinea,30,2249642,4006,2023
Ethiopia,30,1906097,12459,2023
Fiji,30,534683,86,2023
French Guiana,30,7854982,3230,2023
Gabon,30,22683195,10310,2023
Ghana,30,1091345,12745,2023
Guadeloupe,30,37068,3,2023
Guatemala,30,2583771,21019,2023
Guinea,30,235943,647,2023
Guinea-Bissau,30,81741,289,2023
Guyana,30,17297907,17167,2023
Haiti,30,9193,55,2023
Honduras,30,2154615,43764,2023
India,30,6583055,17739,2023
Indonesia,30,93872195,292373,2023
Kenya,30,650650,1809,2023
Laos,30,8360414,136532,2023
Liberia,30,4430080,32716,2023
Madagascar,30,4873080,79808,2023
Malawi,30,5368,509,2023
Malaysia,30,15950084,79279,2023
Martinique,30,17257,3,2023
México,30,9263680,49029,2023
Mozambique,30,126645,404,2023
Myanmar,30,14142246,48330,2023
Nepal,30,745414,214,2023
Nicaragua,30,2024916,60016,2023
Nigeria,30,1917983,12000,2023
Panama,30,2945454,4971,2023
Papua New Guinea,30,32611659,47743,2023
Paraguay,30,3482020,25121,2023
Peru,30,69148716,150326,2023
Philippines,30,4588535,5041,2023
Republic Of The Congo,30,21157957,24424,2023
Rwanda,30,53781,28,2023
Senegal,30,10018,0,2023
Sierra Leone,30,276675,3364,2023
Solomon Islands,30,1995711,6918,2023
South Africa,30,125843,200,2023
South Sudan,30,83939,93,2023
Sri Lanka,30,596414,229,2023
Suriname,30,12775501,17993,2023
Tanzania,30,743477,3219,2023
Thailand,30,5966361,4106,2023
Togo,30,1653,2,2023
Uganda,30,509358,2100,2023
United States,30,200776,51,2023
Vanuatu,30,371390,75,2023
Venezuela,30,38654064,27488,2023
Vietnam,30,6792860,16455,2023
"Virgin Islands, U.S.",30,2762,0,2023
Zambia,30,331125,2675,2023
Zimbabwe,30,7612,40,2023
Angola,30,2458061,13660,2024
Argentina,30,4418724,12103,2024
Australia,30,13977,0,2024
Bangladesh,30,101114,467,2024
Belize,30,1165487,21137,2024
Benin,30,1952,0,2024
Bhutan,30,1645545,449,2024
Bolivia,30,40850721,1480900,2024
Brazil,30,343260979,2823646,2024
Brunei,30,431532,383,2024
Burundi,30,24895,9,2024
Cambodia,30,4325701,36885,2024
Cameroon,30,19082102,95573,2024
Central African Republic,30,7364402,11947,2024
China,30,1760102,2630,2024
Colombia,30,54899530,98219,2024
Costa Rica,30,1489050,1361,2024
Côte D'Ivoire,30,1364751,7625,2024
Cuba,30,440562,1646,2024
Democratic Republic Of The Congo,30,104595509,589811,2024
Dominican Republic,30,318332,601,2024
Ecuador,30,10662455,21157,2024
El Salvador,30,52839,43,2024
Equatorial Guinea,30,2249642,3722,2024
Ethiopia,30,1906097,5876,2024
Fiji,30,534683,47,2024
French Guiana,30,7854982,3244,2024
Gabon,30,22683195,15464,2024
Ghana,30,1091345,13905,2024
Guadeloupe,30,37068,1,2024
Guatemala,30,2583771,70684,2024
Guinea,30,235943,909,2024
Guinea-Bissau,30,81741,268,2024
Guyana,30,17297907,64433,2024
Haiti,30,9193,42,2024
Honduras,30,2154615,40365,2024
India,30,6583055,18186,2024
Indonesia,30,93872195,258811,2024
Kenya,30,650650,1592,2024
Laos,30,8360414,116514,2024
Liberia,30,4430080,38549,2024
Madagascar,30,4873080,55929,2024
Malawi,30,5368,60,2024
Malaysia,30,15950084,68850,2024
Martinique,30,17257,0,2024
México,30,9263680,93089,2024
Mozambique,30,126645,406,2024
Myanmar,30,14142246,44555,2024
Nepal,30,745414,286,2024
Nicaragua,30,2024916,94797,2024
Nigeria,30,1917983,10638,2024
Panama,30,2945454,5177,2024
Papua New Guinea,30,32611659,43754,2024
Paraguay,30,3482020,40392,2024
Peru,30,69148716,189004,2024
Philippines,30,4588535,6106,2024
Republic Of The Congo,30,21157957,62044,2024
Rwanda,30,53781,20,2024
Senegal,30,10018,0,2024
Sierra Leone,30,276675,3826,2024
Solomon Islands,30,1995711,7953,2024
South Africa,30,125843,498,2024
South Sudan,30,83939,94,2024
Sri Lanka,30,596414,315,2024
Suriname,30,12775501,18712,2024
Tanzania,30,743477,3714,2024
Thailand,30,5966361,4019,2024
Togo,30,1653,0,2024
Uganda,30,509358,2839,2024
United States,30,200776,393,2024
Vanuatu,30,371390,77,2024
Venezuela,30,38654064,74428,2024
Vietnam,30,6792860,16924,2024
"Virgin Islands, U.S.",30,2762,0,2024
Zambia,30,331125,3913,2024
Zimbabwe,30,7612,32,2024
