country,tree_cover_loss_ha,primary_forest_loss_ha,carbon_gross_emissions_MgCO2e,extent_2000_ha,extent_2010_ha,gain_2000-2012_ha,territories,recognized,not_recognized,area_km2,forest_extent_change_pct,recognition_ratio,restoration_pressure_score
Afghanistan,1912,0,368147.0,205771.0,71786.0,10738.0,22.0,0.0,22.0,204.42246550043,-65.11364575183092,0.0,1.002280147
Aland,17654,0,4795715.0,107739.0,103087.0,2583.0,,,,,-4.317842192706448,,1.022449715
Albania,47320,0,17323342.0,648459.0,588824.0,16468.0,,,,,-9.196417969370462,,1.064643342
Algeria,231651,0,44935476.0,1223325.0,821437.0,89147.0,,,,,-32.85210389716551,,1.2765864759999999
Angola,4230235,200544,1497661801.0,55276135.0,53831806.0,1224131.0,,,,,-2.6129341351380666,,6.727896801
Argentina,6968747,482661,1678738810.0,39069969.0,38368480.0,1107407.0,,,,,-1.7954685349251238,,9.64748581
Australia,9218341,68,2263333159.0,42281439.0,39481413.0,1600599.0,1510.0,1407.0,103.0,5451419.551430853,-6.622352659283901,0.9317880794701987,11.549886079529802
Austria,439219,0,228975785.0,4340284.0,4353244.0,36348.0,,,,,0.2985979719299474,,1.668194785
Azerbaijan,8334,0,2464528.0,1268606.0,1082392.0,30269.0,,,,,-14.678631505763018,,1.010798528
Bangladesh,261746,8842,152187804.0,1938958.0,2216745.0,317862.0,,,,,14.326612541375317,,1.413933804
Belarus,1172887,0,430679741.0,9118583.0,9486569.0,963614.0,,,,,4.035561227002046,,2.603566741
Belgium,122775,0,66717329.0,865425.0,890288.0,41687.0,,,,,2.8729237080047376,,1.1894923290000001
Belize,336685,169109,153728218.218,1755302.0,1755302.0,18728.0,,,,,0.0,,1.4904132182179999
Benin,47919,25,20790021.0,168201.0,434951.0,181245.0,,,,,158.59002027336342,,1.068709021
Bhutan,27399,9195,15186935.0,2577237.0,2508707.0,28220.0,,,,,-2.6590492065727753,,1.042585935
Bolivia,9778669,5666977,3780267711.0,64556285.0,62746658.0,617241.0,321.0,280.0,41.0,285062.67855202185,-2.803177103515173,0.8722741433021807,13.686662567697821
Bosnia And Herzegovina,41157,0,19578518.0,2657980.0,2579845.0,53276.0,,,,,-2.9396383719967796,,1.060735518
Botswana,512,0,108259.0,20328.0,4581.0,13304.0,35.0,7.0,28.0,466481.3838279824,-77.46458087367178,0.2,0.800620259
Brazil,73317081,33502925,38159569537.0,519056656.0,498076031.0,8066542.0,1608.0,1608.0,0.0,1625373.647725612,-4.042068386461458,1.0,111.47665053700001
Brunei,32437,16197,21432681.0,529333.0,528761.0,7532.0,,,,,-0.1080605214486911,,1.0538696810000001
Bulgaria,150156,0,61530351.0,4138949.0,3957413.0,106352.0,,,,,-4.386040997364306,,1.211686351
Burkina Faso,129,0,868933.0,130.0,2268.0,142622.0,,,,,1644.6153846153845,,1.000997933
Burundi,37509,364,17873710.0,537671.0,553128.0,16374.0,,,,,2.874806340680453,,1.05538271
Cambodia,2921505,1476068,1745812534.0,8828152.0,7659367.0,147442.0,536.0,536.0,0.0,15036.033689002435,-13.239294022123769,1.0,4.6673175339999995
Cameroon,2226205,1071885,1365691633.0,31459321.0,30543462.0,351063.0,713.0,711.0,2.0,43197.52131619828,-2.911248465915714,0.9971949509116409,3.5947016820883593
Canada,62647469,0,24466183168.0,418066874.0,421403090.0,16965174.0,3258.0,3258.0,0.0,625875.3883226436,0.7980101288771327,1.0,87.113652168
Central African Republic,1076630,228212,517149052.0,47073506.0,47240769.0,482450.0,1.0,0.0,1.0,3170.59207558,0.35532301333153304,0.0,2.593779052
Chad,84624,0,30649183.0,409750.0,622314.0,256622.0,,,,,51.87651006711409,,1.115273183
Chile,2394152,0,1017203016.0,19214323.0,20705332.0,730022.0,3052.0,3052.0,0.0,37303.75715665007,7.759883083052159,1.0,3.411355016
China,12766739,83300,5994595890.0,162873593.0,154567475.0,6691014.0,,,,,-5.09973277251887,,19.76133489
Colombia,5602696,2085511,3192499336.0,81854356.0,81791869.0,1085394.0,1244.0,1244.0,0.0,411749.1410327914,-0.07633924821300897,1.0,8.795195335999999
Costa Rica,287005,31100,156957911.0,3913126.0,3869858.0,57761.0,24.0,24.0,0.0,3320.50043107448,-1.1057144594883987,1.0,0.443962911
Croatia,113458,0,53109074.0,2431302.0,2348218.0,59572.0,,,,,-3.417263671892673,,1.166567074
Cuba,412188,43798,172921817.0,4014605.0,4239755.0,164351.0,,,,,5.60827279396105,,1.585109817
Czechia,591563,0,311847251.0,3080969.0,3226354.0,77297.0,,,,,4.718807621887789,,1.903410251
Côte D'Ivoire,3985675,377506,2125384708.0,14866948.0,13945081.0,881454.0,,,,,-6.200781760990891,,7.111059708
Democratic Republic Of The Congo,21072346,7446423,13475976097.0,199272120.0,198437483.0,1592149.0,,,,,-0.4188428366195933,,35.548322096999996
Denmark,103141,0,34502390.0,663204.0,720291.0,95181.0,,,,,8.60775869868095,,1.13764339
Djibouti,0,0,0.0,0.0,0.0,2.0,,,,,,,1.0
Dominican Republic,393945,26507,174640301.0,2576438.0,2454740.0,54804.0,,,,,-4.72349810086639,,1.568585301
Ecuador,1060479,262394,690420171.0,19048768.0,19248315.0,218738.0,754.0,604.0,150.0,80657.69325554879,1.0475585612675844,0.8010610079575596,1.9498381630424402
Egypt,1847,0,559787.0,154304.0,143311.0,4206.0,,,,,-7.124248237245956,,1.002406787
El Salvador,85433,1518,38526829.0,988821.0,921954.0,14647.0,,,,,-6.7622957036713425,,1.123959829
Equatorial Guinea,155331,76090,101607775.0,2654600.0,2630333.0,5168.0,98.0,98.0,0.0,1072.0715768801472,-0.9141490243351165,1.0,0.256938775
Eritrea,3,0,3478.0,5.0,43.0,10677.0,,,,,760.0,,1.000006478
Estonia,627078,0,191472883.0,2639421.0,2725535.0,165131.0,,,,,3.2626094889750443,,1.818550883
Ethiopia,531671,102399,263403075.0,12040337.0,12361079.0,403581.0,,,,,2.6638955371431883,,1.795074075
Faroe Islands,0,0,0.0,0.0,0.0,0.0,,,,,,,1.0
Fiji,54074,7546,28994677.0,1556562.0,1418745.0,5410.0,,,,,-8.853935789258635,,1.083068677
Finland,4854533,0,1071183173.0,21627651.0,22817318.0,1357022.0,,,,,5.500675963376698,,6.925716173
France,1557552,0,770140648.0,16783020.0,16838139.0,695648.0,,,,,0.3284212257388718,,3.327692648
French Guiana,91912,62779,69178558.0,8162754.0,8157816.0,10103.0,,,,,-0.06049428905979526,,1.161090558
Gabon,554641,299178,350099341.0,24690954.0,24699912.0,50030.0,39.0,38.0,1.0,7311.463800566601,0.03628049365771772,0.9743589743589743,0.9303813666410258
Gambia,733,0,267687.0,4563.0,3885.0,15326.0,,,,,-14.858645627876395,,1.001000687
Georgia,12391,0,4728015.0,3144570.0,2989946.0,93537.0,,,,,-4.917174685251084,,1.017119015
Germany,1442272,0,801813782.0,12526018.0,12780607.0,342751.0,,,,,2.032481511682324,,3.244085782
Ghana,1752041,156286,1007798137.0,6968887.0,7050022.0,312663.0,,,,,1.1642461701560092,,3.759839137
Greece,305709,0,61600372.0,3672609.0,3620472.0,71539.0,,,,,-1.4196174980783416,,1.367309372
Guadeloupe,2797,93,1177028.0,94757.0,101680.0,1509.0,,,,,7.306056544635226,,1.003974028
Guatemala,1890560,638340,906014828.0,7691097.0,7032007.0,291023.0,,,,,-8.569518756557095,,3.796574828
Guinea,2292469,18644,1056683404.0,8159635.0,8023662.0,272657.0,,,,,-1.66641032350099,,4.349152404
Guinea-Bissau,219051,5994,91370964.0,1069852.0,1126590.0,43268.0,,,,,5.303350369957713,,1.310421964
Guyana,376137,231948,213542660.0,18996038.0,19052062.0,30501.0,118.0,118.0,0.0,35069.46751027393,0.29492465744698976,1.0,0.58967966
Haiti,81348,3104,36994679.0,858467.0,792454.0,13832.0,,,,,-7.689637458399683,,1.118342679
Honduras,1475120,549307,737393635.0,7740497.0,7554779.0,137965.0,,,,,-2.3993033005503395,,3.212513635
Hungary,275263,0,110933186.0,1989596.0,1991274.0,207305.0,,,,,0.08433873007384414,,1.386196186
Iceland,0,0,0.0,0.0,424691.0,0.0,,,,,inf,,1.0
India,2307054,347927,1286534466.0,32620759.0,28594312.0,1781312.0,5636.0,5636.0,0.0,35830.187750628946,-12.343204522003917,1.0,3.593588466
Indonesia,31963106,10731766,23206854606.0,160640822.0,157792890.0,4882129.0,,,,,-1.7728569640909833,,56.169960606000004
Iran,4158,0,1122190.0,1731669.0,1370814.0,49762.0,,,,,-20.8385667237792,,1.00528019
Iraq,142,0,45019.0,17505.0,27447.0,9456.0,,,,,56.79520137103685,,1.000187019
Ireland,161120,0,78811149.0,838579.0,1495681.0,284209.0,4635.0,4635.0,0.0,4467.060187397927,78.35898585583469,1.0,0.239931149
Italy,521659,0,184886134.0,9317986.0,9436182.0,189376.0,3403.0,3403.0,0.0,304.6287418143441,1.2684715345140034,1.0,0.706545134
Japan,969065,0,444395245.0,26387218.0,26256094.0,221004.0,,,,,-0.49692241144936156,,2.413460245
Jordan,8,0,1585.0,2271.0,2767.0,872.0,,,,,21.840598855129898,,1.000009585
Kazakhstan,87512,0,23008740.0,4240315.0,4527055.0,71224.0,,,,,6.762233466145793,,1.1105207400000001
Kenya,400390,54074,200210258.0,3319472.0,3335496.0,117011.0,43.0,40.0,3.0,29365.3535777914,0.482727373510004,0.9302325581395349,0.6703676998604652
Kosovo,18082,0,8780053.0,369938.0,322538.0,9292.0,,,,,-12.812957846990578,,1.026862053
Kyrgyzstan,2612,0,602963.0,674934.0,577900.0,67691.0,,,,,-14.376813140247787,,1.003214963
Laos,5163120,1281739,2766521981.0,19118849.0,17931566.0,101741.0,,,,,-6.2100129563238875,,8.929641981
Latvia,967840,0,322095509.0,3553508.0,3690743.0,290490.0,,,,,3.8619583802822453,,2.289935509
Lebanon,6906,0,1985187.0,65235.0,57764.0,6370.0,,,,,-11.452441174216295,,1.008891187
Liberia,2522056,386000,1483240023.0,9384718.0,9283500.0,57762.0,52.0,52.0,0.0,9450.147400446378,-1.0785406657930479,1.0,4.005296023
Lithuania,442552,0,153097244.0,2336225.0,2409460.0,241547.0,,,,,3.13475799634025,,1.595649244
Luxembourg,11021,0,6505768.0,101328.0,103464.0,2851.0,,,,,2.108005684509711,,1.017526768
Madagascar,5153136,1131172,2641771690.0,17141084.0,16436354.0,173322.0,,,,,-4.1113502506609265,,8.79490769
Malawi,264310,1123,113549470.0,1521029.0,1471557.0,41701.0,43.0,43.0,0.0,5.7650696934045005,-3.2525349615293333,1.0,0.37785947
Malaysia,9513550,2994160,5508403378.0,29444768.0,28646288.0,1007198.0,61.0,0.0,61.0,6768.937424455,-2.711789068944269,0.0,16.021953378
Mali,4507,0,2532366.0,25098.0,49161.0,203581.0,,,,,95.87616543150848,,1.007039366
Malta,13,0,3097.0,117.0,116.0,11.0,,,,,-0.8547008547008548,,1.000016097
Martinique,3055,132,1519866.0,74649.0,77223.0,678.0,,,,,3.448137282482016,,1.004574866
Mauritania,33,0,18796.0,33.0,1.0,711.0,,,,,-96.96969696969697,,1.000051796
Mexico,5216321,877559,2138170761.0,53168926.0,50334860.0,1422799.0,30644.0,30644.0,0.0,967647.4751309324,-5.330305148537325,1.0,7.354491761
Micronesia,76,0,53246.0,6171.0,6206.0,0.0,,,,,0.5671690163668773,,1.000129246
Moldova,78481,0,38714648.0,2730305.0,2524654.0,76227.0,,,,,-7.532162157707656,,1.117195648
Mongolia,439100,0,86849571.0,4090459.0,3552628.0,78600.0,,,,,-13.14842661911536,,1.525949571
Morocco,60012,0,15957938.0,648566.0,405762.0,81646.0,,,,,-37.43705343789221,,1.075969938
Mozambique,4594927,12701,1679064545.0,28920531.0,26975511.0,583233.0,1882.0,1882.0,0.0,234495.53568774252,-6.725395187246043,1.0,6.273991545
Myanmar,5147299,796297,2924464763.0,42863360.0,40919342.0,636627.0,67.0,67.0,0.0,76.3374193505094,-4.535384066951354,1.0,8.071763763
Namibia,1242,0,301513.0,4245.0,808.0,15192.0,158.0,158.0,0.0,480912.5979993842,-80.9658421672556,1.0,0.001543513
Nepal,58320,4848,33269211.0,5161038.0,4801738.0,174007.0,739.0,739.0,0.0,815.2167702114227,-6.961777843914345,1.0,0.091589211
Netherlands,33409,0,14908558.0,593054.0,710849.0,60820.0,,,,,19.862440856987728,,1.048317558
New Caledonia,30555,0,10983935.0,1440327.0,1397587.0,1855.0,,,,,-2.9673817126249804,,1.041538935
New Zealand,1505120,0,942269350.0,11255805.0,11432839.0,434875.0,26592.0,26592.0,0.0,12702.458669363308,1.5728239783827103,1.0,2.44738935
Nicaragua,2001073,744582,1107612542.0,7773867.0,7619468.0,142391.0,26.0,26.0,0.0,32385.80454967831,-1.9861286538604275,1.0,3.108685542
Niger,1,0,1040.0,2.0,48.0,5781.0,,,,,2300.0,,1.00000204
Nigeria,1438632,188254,804804532.0,10048743.0,10934423.0,927799.0,,,,,8.813838705995366,,3.243436532
North Korea,293118,0,84410895.0,5195566.0,4995618.0,288448.0,,,,,-3.8484353773968034,,1.377528895
Norway,1029788,0,275861065.0,11739515.0,13054556.0,476084.0,,,,,11.2018341473221,,2.305649065
Oman,0,0,31.0,0.0,0.0,1548.0,,,,,,,1.000000031
Pakistan,9531,0,2758407.0,681137.0,427270.0,116695.0,,,,,-37.27106294328454,,1.012289407
Palestine,18,0,6582.0,615.0,853.0,1697.0,,,,,38.699186991869915,,1.000024582
Panama,530647,97995,303088161.0,5734588.0,5579851.0,84310.0,5.0,5.0,0.0,16632.902562953,-2.6983106720134034,1.0,0.833735161
Papua New Guinea,1955431,986925,1462770187.0,42920264.0,42919728.0,266145.0,,,,,-0.001248827360428165,,4.418201187
Paraguay,7218927,1198607,1864805974.0,24273209.0,20431738.0,642419.0,678.0,678.0,0.0,11110.853356075037,-15.825970929513275,1.0,9.083732974
Peru,4350806,2812696,2769129317.0,78063555.0,78757035.0,429704.0,2530.0,2257.0,273.0,214513.36185070476,0.8883530861488437,0.892094861660079,7.227840455339921
Philippines,1524278,196066,928078743.0,18599368.0,18391718.0,172159.0,,,,,-1.116435784269659,,3.452356743
Poland,1443756,0,568509569.0,10439497.0,10635345.0,892070.0,,,,,1.8760290845430578,,3.012265569
Portugal,1253085,0,396246113.0,2302483.0,2171271.0,168608.0,,,,,-5.698717428098274,,2.649331113
Republic Of The Congo,1150323,482115,679138329.0,26388421.0,26636766.0,113140.0,,,,,0.9411135285434472,,2.829461329
Reunion,5712,0,2726297.0,170474.0,170200.0,0.0,,,,,-0.16072832220749206,,1.008438297
Romania,452813,0,220397141.0,7915160.0,7652859.0,223889.0,,,,,-3.313906478201325,,1.673210141
Russia,88831076,0,14981439550.0,761226509.0,754772109.0,37220538.0,,,,,-0.8478948018348635,,104.81251555
Rwanda,49775,537,35769688.0,497955.0,517922.0,16061.0,,,,,4.009800082336757,,1.085544688
SaO Tome And Principe,0,0,0.0,0.0,0.0,0.0,,,,,,,1.0
Saint-Barthelemy,0,0,488.0,621.0,558.0,3.0,,,,,-10.144927536231885,,1.000000488
Sao Tome And Principe,77,0,46577.0,14214.0,14214.0,0.0,,,,,0.0,,1.000123577
Saudi Arabia,0,0,15.0,7.0,0.0,7572.0,,,,,-100.0,,1.000000015
Senegal,5243,2,2113502.0,39568.0,47868.0,77188.0,,,,,20.976546704407603,,1.007356502
Serbia,78481,0,38714648.0,2730305.0,2524654.0,76227.0,,,,,-7.532162157707656,,1.117195648
Sierra Leone,2171468,43124,1078007313.0,5617880.0,5426960.0,102137.0,,,,,-3.3984349968315453,,4.249475313
Slovakia,251648,0,128431704.0,2396835.0,2375293.0,35801.0,,,,,-0.8987685844040161,,1.380079704
Slovenia,62284,0,35198609.0,1291918.0,1264052.0,7759.0,,,,,-2.1569480415939712,,1.097482609
Solomon Islands,239794,155328,177082255.0,2741593.0,2727125.0,4917.0,,,,,-0.5277223862185233,,1.416876255
Somalia,4654,0,1062026.0,87128.0,146473.0,4189.0,,,,,68.11243228353686,,1.005716026
South Africa,1640152,12845,1045510431.0,5983121.0,5282117.0,388240.0,11.0,11.0,0.0,170210.47739125,-11.716360073613755,1.0,2.685662431
South Korea,351476,0,116425455.0,5368013.0,5106572.0,109300.0,,,,,-4.870349606083294,,1.467901455
South Sudan,143099,2239,47915598.0,11386557.0,13259458.0,1082861.0,,,,,16.44835221041795,,1.191014598
Spain,1720571,0,657914538.0,11018935.0,10435475.0,381025.0,3544.0,3544.0,0.0,8407.154060605368,-5.295067082254319,1.0,2.378485538
Sri Lanka,233609,11248,93071168.0,3939917.0,3532226.0,60078.0,,,,,-10.347705294299347,,1.326680168
Sudan,1227,0,399165.0,72713.0,72598.0,216599.0,,,,,-0.15815603812248155,,1.001626165
Suriname,286262,191812,206449407.0,13949796.0,13997712.0,23724.0,,,,,0.3434888940311385,,1.492711407
Swaziland,110898,0,71672881.0,469223.0,420922.0,23455.0,,,,,-10.293826176466201,,1.182570881
Sweden,6126882,0,1572375292.0,27883711.0,29064873.0,1671285.0,,,,,4.236028697901797,,8.699257292
Switzerland,53036,0,29285181.0,1543999.0,1554048.0,15072.0,,,,,0.6508423904419627,,1.082321181
Syria,30460,0,6865576.0,105940.0,116470.0,5711.0,,,,,9.939588446290353,,1.037325576
Tajikistan,353,0,99148.0,60257.0,31673.0,19712.0,,,,,-47.436812320560264,,1.000452148
Tanzania,3475734,40954,1242625022.0,26405606.0,24703253.0,557201.0,30.0,30.0,0.0,29433.428381730064,-6.446937820703679,1.0,4.718359022
Thailand,2691177,139143,1697153888.0,19955449.0,19265636.0,1842303.0,,,,,-3.456765117136678,,5.3883308880000005
Timor-Leste,33692,0,18828967.0,726235.0,692841.0,11134.0,,,,,-4.598236108146812,,1.052520967
Togo,82074,320,41228655.0,551477.0,593027.0,47901.0,,,,,7.534312401061151,,1.123302655
Tunisia,38152,0,7938716.0,223929.0,169320.0,10135.0,,,,,-24.386747585172085,,1.046090716
Turkey,772193,0,238076866.0,10060813.0,8957660.0,473796.0,,,,,-10.964849460972985,,2.010269866
Turkmenistan,469,0,123498.0,10179.0,7565.0,419.0,,,,,-25.68032223204637,,1.000592498
Uganda,1164707,79943,540887234.0,7764953.0,6926883.0,185026.0,5.0,5.0,0.0,4235.2691242259,-10.792982262738745,1.0,1.7055942339999999
Ukraine,1344386,0,520937346.0,11133282.0,11363521.0,926364.0,,,,,2.068024505262689,,2.8653233460000003
United Arab Emirates,0,0,8.0,0.0,0.0,596.0,,,,,,,1.000000008
United Kingdom,585339,0,257348072.0,3697149.0,5031036.0,473171.0,,,,,36.07880017819136,,1.842687072
United States,49462860,1836,19349155926.0,279375325.0,271961088.0,13986671.0,,,,,-2.653862505573819,,69.812015926
Uruguay,439462,0,389796838.0,1693390.0,2116774.0,655684.0,,,,,25.00215543968017,,1.8292588379999999
Uzbekistan,1182,0,298958.0,106177.0,74272.0,43150.0,,,,,-30.0488806427004,,1.001480958
Vanuatu,17598,5634,9757729.0,1181154.0,1148002.0,302.0,,,,,-2.806746622371003,,1.027355729
Venezuela,2566853,677521,1143341178.0,56519470.0,57258606.0,491073.0,73.0,11.0,62.0,325784.80590861733,1.307754655165733,0.1506849315068493,4.559509246493151
Vietnam,3687321,773592,2657333571.0,16550836.0,16371002.0,1004749.0,,,,,-1.086555386084425,,7.3446545709999995
"Virgin Islands, U.S.",1923,78,925528.0,18998.0,18647.0,209.0,,,,,-1.8475629013580377,,1.002848528
Yemen,0,0,0.0,126.0,147.0,7050.0,,,,,16.666666666666664,,1.0
Zambia,2665773,38541,1008894475.0,24075023.0,22464658.0,766935.0,101.0,101.0,0.0,577645.5830333122,-6.68894480391566,1.0,3.674667475
Zimbabwe,243432,1012,117005545.0,1411915.0,1059391.0,151868.0,146.0,146.0,0.0,157367.6246821573,-24.967791970479812,1.0,0.360437545
