country,year,pred_tree_loss_ha
Afghanistan,2025,-2443.1533513523464
Afghanistan,2026,-2612.940790970286
Afghanistan,2027,-2782.7282305881963
Afghanistan,2028,-2952.515670206165
Afghanistan,2029,-3122.3031098241045
Afghanistan,2030,-3292.090549442015
Afghanistan,2031,-3461.8779890599253
Afghanistan,2032,-3631.665428677865
Afghanistan,2033,-3801.4528682958044
Afghanistan,2034,-3971.240307913773
Albania,2025,-947.0367543488101
Albania,2026,-1152.3480197653698
Albania,2027,-1357.6592851819587
Albania,2028,-1562.9705505985476
Albania,2029,-1768.2818160151364
Albania,2030,-1973.5930814317253
Albania,2031,-2178.904346848314
Albania,2032,-2384.215612264874
Albania,2033,-2589.526877681463
Albania,2034,-2794.8381430980517
Algeria,2025,15232.330828989274
Algeria,2026,15700.050559016061
Algeria,2027,16167.770289042848
Algeria,2028,16635.490019069373
Algeria,2029,17103.20974909619
Algeria,2030,17570.929479122977
Algeria,2031,18038.649209149764
Algeria,2032,18506.36893917655
Algeria,2033,18974.08866920331
Algeria,2034,19441.808399230125
Angola,2025,288199.1630918876
Angola,2026,298415.8018943896
Angola,2027,308632.44069688884
Angola,2028,318849.0794993908
Angola,2029,329065.7183018908
Angola,2030,339282.35710439284
Angola,2031,349498.99590689474
Angola,2032,359715.6347093949
Angola,2033,369932.2735118959
Angola,2034,380148.91231439786
Argentina,2025,202879.78896106232
Argentina,2026,196910.98372058212
Argentina,2027,190942.17848010376
Argentina,2028,184973.3732396236
Argentina,2029,179004.56799914507
Argentina,2030,173035.7627586649
Argentina,2031,167066.9575181847
Argentina,2032,161098.15227770634
Argentina,2033,155129.34703722617
Argentina,2034,149160.54179674765
Australia,2025,666486.1713991356
Australia,2026,687948.33576483
Australia,2027,709410.500130517
Australia,2028,730872.664496211
Australia,2029,752334.8288619051
Australia,2030,773796.9932275919
Australia,2031,795259.1575932859
Australia,2032,816721.3219589804
Australia,2033,838183.4863246744
Australia,2034,859645.6506903687
Austria,2025,25271.226955887425
Austria,2026,25667.218484346755
Austria,2027,26063.21001280591
Austria,2028,26459.20154126524
Austria,2029,26855.19306972451
Austria,2030,27251.184598183696
Austria,2031,27647.176126643026
Austria,2032,28043.16765510218
Austria,2033,28439.15918356148
Austria,2034,28835.150712020637
Azerbaijan,2025,-2572.193684471509
Azerbaijan,2026,-2752.457541748212
Azerbaijan,2027,-2932.721399024944
Azerbaijan,2028,-3112.9852563016175
Azerbaijan,2029,-3293.2491135783494
Azerbaijan,2030,-3473.512970855052
Azerbaijan,2031,-3653.776828131726
Azerbaijan,2032,-3834.0406854084576
Azerbaijan,2033,-4014.3045426851313
Azerbaijan,2034,-4194.568399961863
Bangladesh,2025,19678.402027039818
Bangladesh,2026,20414.424557411985
Bangladesh,2027,21150.447087784414
Bangladesh,2028,21886.469618156552
Bangladesh,2029,22622.49214852875
Bangladesh,2030,23358.514678900916
Bangladesh,2031,24094.537209273345
Bangladesh,2032,24830.559739645512
Bangladesh,2033,25566.58227001771
Bangladesh,2034,26302.604800389905
Belarus,2025,87318.77376751945
Belarus,2026,89875.40553962515
Belarus,2027,92432.03731173195
Belarus,2028,94988.66908383764
Belarus,2029,97545.30085594446
Belarus,2030,100101.93262805018
Belarus,2031,102658.56440015699
Belarus,2032,105215.19617226272
Belarus,2033,107771.8279443695
Belarus,2034,110328.45971647523
Belgium,2025,5197.005583270482
Belgium,2026,5179.713817684824
Belgium,2027,5162.422052099137
Belgium,2028,5145.1302865134785
Belgium,2029,5127.8385209278495
Belgium,2030,5110.54675534222
Belgium,2031,5093.254989756591
Belgium,2032,5075.963224170933
Belgium,2033,5058.671458585275
Belgium,2034,5041.379692999617
Belize,2025,18732.179063866613
Belize,2026,19216.019585663336
Belize,2027,19699.860107460117
Belize,2028,20183.700629256753
Belize,2029,20667.541151053534
Belize,2030,21151.381672850228
Belize,2031,21635.222194647038
Belize,2032,22119.062716443732
Belize,2033,22602.903238240426
Belize,2034,23086.74376003712
Benin,2025,-1123.0881151042413
Benin,2026,-1340.0027804691927
Benin,2027,-1556.9174458341731
Benin,2028,-1773.8321111990954
Benin,2029,-1990.7467765640467
Benin,2030,-2207.661441928998
Benin,2031,-2424.5761072939495
Benin,2032,-2641.490772658901
Benin,2033,-2858.405438023852
Benin,2034,-3075.3201033888035
Bhutan,2025,-1085.7097248721984
Bhutan,2026,-1212.141461121908
Bhutan,2027,-1338.5731973715883
Bhutan,2028,-1465.0049336212687
Bhutan,2029,-1591.4366698709491
Bhutan,2030,-1717.8684061206586
Bhutan,2031,-1844.3001423702808
Bhutan,2032,-1970.7318786199903
Bhutan,2033,-2097.1636148696416
Bhutan,2034,-2223.595351119322
Bolivia,2025,806081.6027156033
Bolivia,2026,839753.4280852327
Bolivia,2027,873425.2534548623
Bolivia,2028,907097.0788244824
Bolivia,2029,940768.9041941118
Bolivia,2030,974440.7295637414
Bolivia,2031,1008112.5549333616
Bolivia,2032,1041784.3803029911
Bolivia,2033,1075456.2056726208
Bolivia,2034,1109128.031042241
Bosnia And Herzegovina,2025,38.3515320844017
Bosnia And Herzegovina,2026,-72.40430968269357
Bosnia And Herzegovina,2027,-183.16015144984704
Bosnia And Herzegovina,2028,-293.9159932170005
Bosnia And Herzegovina,2029,-404.67183498409577
Bosnia And Herzegovina,2030,-515.4276767512201
Bosnia And Herzegovina,2031,-626.1835185183445
Bosnia And Herzegovina,2032,-736.9393602854689
Bosnia And Herzegovina,2033,-847.6952020525932
Bosnia And Herzegovina,2034,-958.4510438197467
Botswana,2025,-2371.1563900615147
Botswana,2026,-2533.519827566779
Botswana,2027,-2695.883265072014
Botswana,2028,-2858.2467025772785
Botswana,2029,-3020.6101400825137
Botswana,2030,-3182.973577587778
Botswana,2031,-3345.337015092984
Botswana,2032,-3507.7004525982775
Botswana,2033,-3670.0638901035127
Botswana,2034,-3832.427327608777
Brazil,2025,3334276.387548158
Brazil,2026,3358097.5461499197
Brazil,2027,3381918.704751682
Brazil,2028,3405739.863353445
Brazil,2029,3429561.0219551986
Brazil,2030,3453382.1805569613
Brazil,2031,3477203.3391587073
Brazil,2032,3501024.4977604626
Brazil,2033,3524845.6563622244
Brazil,2034,3548666.814963986
Brunei,2025,-881.8422173243889
Brunei,2026,-1036.6365375181485
Brunei,2027,-1191.4308577119373
Brunei,2028,-1346.2251779057842
Brunei,2029,-1501.0194980995439
Brunei,2030,-1655.8138182933617
Brunei,2031,-1810.6081384871504
Brunei,2032,-1965.4024586809392
Brunei,2033,-2120.196778874728
Brunei,2034,-2274.9910990685457
Bulgaria,2025,3885.4450994586223
Bulgaria,2026,3685.070258733467
Bulgaria,2027,3484.695418008225
Bulgaria,2028,3284.3205772830115
Bulgaria,2029,3083.945736557798
Bulgaria,2030,2883.570895832614
Bulgaria,2031,2683.1960551074008
Bulgaria,2032,2482.8212143821875
Bulgaria,2033,2282.4463736570033
Bulgaria,2034,2082.07153293179
Burkina Faso,2025,-2349.561912193196
Burkina Faso,2026,-2510.749869829073
Burkina Faso,2027,-2671.9378274649207
Burkina Faso,2028,-2833.1257851007394
Burkina Faso,2029,-2994.3137427365873
Burkina Faso,2030,-3155.501700372435
Burkina Faso,2031,-3316.689658008312
Burkina Faso,2032,-3477.87761564416
Burkina Faso,2033,-3639.0655732799787
Burkina Faso,2034,-3800.2535309158266
Burundi,2025,-224.7940590561484
Burundi,2026,-326.3941660197743
Burundi,2027,-427.99427298334194
Burundi,2028,-529.5943799469387
Burundi,2029,-631.1944869105355
Burundi,2030,-732.7945938741032
Burundi,2031,-834.3947008376417
Burundi,2032,-935.9948078012385
Burundi,2033,-1037.5949147648353
Burundi,2034,-1139.195021728403
Cambodia,2025,160806.5556037261
Cambodia,2026,164059.24512272998
Cambodia,2027,167311.93464173377
Cambodia,2028,170564.62416073756
Cambodia,2029,173817.31367974146
Cambodia,2030,177070.00319874525
Cambodia,2031,180322.6927177482
Cambodia,2032,183575.38223675205
Cambodia,2033,186828.07175575587
Cambodia,2034,190080.76127475972
Cameroon,2025,194018.7104611175
Cameroon,2026,202291.85656279518
Cameroon,2027,210565.00266447535
Cameroon,2028,218838.14876615547
Cameroon,2029,227111.29486783588
Cameroon,2030,235384.44096951518
Cameroon,2031,243657.5870711956
Cameroon,2032,251930.73317287577
Cameroon,2033,260203.8792745561
Cameroon,2034,268477.0253762356
Canada,2025,3883849.176905794
Canada,2026,3982274.4807048193
Canada,2027,4080699.784503813
Canada,2028,4179125.0883028074
Canada,2029,4277550.392101801
Canada,2030,4375975.695900797
Canada,2031,4474400.999699821
Canada,2032,4572826.303498816
Canada,2033,4671251.60729781
Canada,2034,4769676.911096803
Central African Republic,2025,51596.50991943969
Central African Republic,2026,52966.36018283342
Central African Republic,2027,54336.210446226876
Central African Republic,2028,55706.06070962059
Central African Republic,2029,57075.91097301412
Central African Republic,2030,58445.761236408056
Central African Republic,2031,59815.611499801555
Central African Republic,2032,61185.4617631953
Central African Republic,2033,62555.312026588756
Central African Republic,2034,63925.16228998247
Chad,2025,5681.813641908782
Chad,2026,5892.21881661145
Chad,2027,6102.623991314176
Chad,2028,6313.029166016873
Chad,2029,6523.43434071957
Chad,2030,6733.839515422296
Chad,2031,6944.244690125022
Chad,2032,7154.649864827865
Chad,2033,7365.055039530562
Chad,2034,7575.460214233288
Chile,2025,104906.5068706082
Chile,2026,104509.34180205458
Chile,2027,104112.17673350126
Chile,2028,103715.01166494793
Chile,2029,103317.84659639435
Chile,2030,102920.68152784102
Chile,2031,102523.51645928773
Chile,2032,102126.35139073411
Chile,2033,101729.18632218079
Chile,2034,101332.02125362746
China,2025,706753.3565536133
China,2026,718301.3849188174
China,2027,729849.4132840262
China,2028,741397.4416492347
China,2029,752945.4700144437
China,2030,764493.498379648
China,2031,776041.5267448567
China,2032,787589.5551100653
China,2033,799137.5834752743
China,2034,810685.6118404784
Colombia,2025,269000.57413317903
Colombia,2026,272590.29764300294
Colombia,2027,276180.0211528267
Colombia,2028,279769.7446626505
Colombia,2029,283359.4681724735
Colombia,2030,286949.19168229727
Colombia,2031,290538.9151921212
Colombia,2032,294128.6387019441
Colombia,2033,297718.3622117679
Colombia,2034,301308.0857215918
Costa Rica,2025,6257.095988562709
Costa Rica,2026,5893.403630507295
Costa Rica,2027,5529.711272451968
Costa Rica,2028,5166.0189143965545
Costa Rica,2029,4802.326556341228
Costa Rica,2030,4438.634198285843
Costa Rica,2031,4074.9418402305455
Costa Rica,2032,3711.2494821751607
Costa Rica,2033,3347.5571241197467
Costa Rica,2034,2983.86476606442
Croatia,2025,6314.759024906234
Croatia,2026,6440.2290862965165
Croatia,2027,6565.699147686828
Croatia,2028,6691.16920907711
Croatia,2029,6816.6392704673635
Croatia,2030,6942.109331857646
Croatia,2031,7067.579393247986
Croatia,2032,7193.049454638269
Croatia,2033,7318.51951602858
Croatia,2034,7443.989577418863
Cuba,2025,10176.930079357873
Cuba,2026,10035.78716972834
Cuba,2027,9894.644260098808
Cuba,2028,9753.501350469247
Cuba,2029,9612.358440839656
Cuba,2030,9471.215531210124
Cuba,2031,9330.07262158065
Cuba,2032,9188.92971195103
Cuba,2033,9047.786802321498
Cuba,2034,8906.643892691995
Czechia,2025,54020.1183915274
Czechia,2026,56078.111774306846
Czechia,2027,58136.105157086335
Czechia,2028,60194.09853986581
Czechia,2029,62252.091922645835
Czechia,2030,64310.08530542528
Czechia,2031,66368.07868820478
Czechia,2032,68426.07207098427
Czechia,2033,70484.06545376372
Czechia,2034,72542.0588365432
Côte D'Ivoire,2025,250787.85559119884
Côte D'Ivoire,2026,258019.1787783329
Côte D'Ivoire,2027,265250.50196546514
Côte D'Ivoire,2028,272481.82515259733
Côte D'Ivoire,2029,279713.14833972964
Côte D'Ivoire,2030,286944.4715268637
Côte D'Ivoire,2031,294175.794713996
Côte D'Ivoire,2032,301407.1179011281
Côte D'Ivoire,2033,308638.4410882604
Côte D'Ivoire,2034,315869.76427539444
Democratic Republic Of The Congo,2025,1515795.620596108
Democratic Republic Of The Congo,2026,1568870.1009566481
Democratic Republic Of The Congo,2027,1621944.5813171887
Democratic Republic Of The Congo,2028,1675019.0616777423
Democratic Republic Of The Congo,2029,1728093.5420382828
Democratic Republic Of The Congo,2030,1781168.0223988374
Democratic Republic Of The Congo,2031,1834242.5027593784
Democratic Republic Of The Congo,2032,1887316.9831199325
Democratic Republic Of The Congo,2033,1940391.4634804707
Democratic Republic Of The Congo,2034,1993465.9438410252
Denmark,2025,2787.4720231085666
Denmark,2026,2651.353513591981
Denmark,2027,2515.235004075337
Denmark,2028,2379.1164945587516
Denmark,2029,2242.997985042166
Denmark,2030,2106.8794755255512
Denmark,2031,1970.7609660089656
Denmark,2032,1834.64245649238
Denmark,2033,1698.5239469757653
Denmark,2034,1562.4054374591797
Djibouti,2025,-2355.795006540895
Djibouti,2026,-2516.2116933536017
Djibouti,2027,-2676.6283801663376
Djibouti,2028,-2837.0450669790735
Djibouti,2029,-2997.46175379178
Djibouti,2030,-3157.878440604516
Djibouti,2031,-3318.295127417223
Djibouti,2032,-3478.7118142299587
Djibouti,2033,-3639.1285010426654
Djibouti,2034,-3799.5451878554013
Dominican Republic,2025,15228.126767162088
Dominican Republic,2026,15235.339479598304
Dominican Republic,2027,15242.55219203452
Dominican Republic,2028,15249.764904470678
Dominican Republic,2029,15256.977616906894
Dominican Republic,2030,15264.190329343139
Dominican Republic,2031,15271.403041779355
Dominican Republic,2032,15278.61575421557
Dominican Republic,2033,15285.828466651757
Dominican Republic,2034,15293.041179087944
Ecuador,2025,46772.17113782055
Ecuador,2026,47164.363940507086
Ecuador,2027,47556.556743193665
Ecuador,2028,47948.74954588014
Ecuador,2029,48340.94234856682
Ecuador,2030,48733.135151253344
Ecuador,2031,49125.32795393991
Ecuador,2032,49517.520756626414
Ecuador,2033,49909.713559313066
Ecuador,2034,50301.906361999645
Egypt,2025,-2371.977413686429
Egypt,2026,-2532.835471122351
Egypt,2027,-2693.693528558244
Egypt,2028,-2854.551585994137
Egypt,2029,-3015.40964343003
Egypt,2030,-3176.267700865952
Egypt,2031,-3337.125758301816
Egypt,2032,-3497.983815737738
Egypt,2033,-3658.84187317366
Egypt,2034,-3819.699930609553
El Salvador,2025,-1519.6358614050841
El Salvador,2026,-1872.4510212038003
El Salvador,2027,-2225.2661810024874
El Salvador,2028,-2578.081340801291
El Salvador,2029,-2930.896500599978
El Salvador,2030,-3283.7116603987233
El Salvador,2031,-3636.5268201974395
El Salvador,2032,-3989.341979996214
El Salvador,2033,-4342.157139794901
El Salvador,2034,-4694.9722995937045
Equatorial Guinea,2025,9869.057935912715
Equatorial Guinea,2026,10112.577030984161
Equatorial Guinea,2027,10356.09612605552
Equatorial Guinea,2028,10599.615221126878
Equatorial Guinea,2029,10843.134316198237
Equatorial Guinea,2030,11086.653411269624
Equatorial Guinea,2031,11330.17250634107
Equatorial Guinea,2032,11573.691601412429
Equatorial Guinea,2033,11817.210696483817
Equatorial Guinea,2034,12060.729791555175
Eritrea,2025,-2355.019703996106
Eritrea,2026,-2515.4473814588564
Eritrea,2027,-2675.875058921636
Eritrea,2028,-2836.3027363843867
Eritrea,2029,-2996.7304138471663
Eritrea,2030,-3157.158091309917
Eritrea,2031,-3317.5857687726675
Eritrea,2032,-3478.013446235418
Eritrea,2033,-3638.4411236981978
Eritrea,2034,-3798.8688011609775
Estonia,2025,46571.163773185195
Estonia,2026,47889.47337613569
Estonia,2027,49207.78297908617
Estonia,2028,50526.09258203668
Estonia,2029,51844.402184987164
Estonia,2030,53162.71178793766
Estonia,2031,54481.02139088871
Estonia,2032,55799.330993839205
Estonia,2033,57117.6405967897
Estonia,2034,58435.95019974017
Ethiopia,2025,24852.839212698163
Ethiopia,2026,25300.500752793567
Ethiopia,2027,25748.16229288897
Ethiopia,2028,26195.823832984373
Ethiopia,2029,26643.485373079748
Ethiopia,2030,27091.14691317515
Ethiopia,2031,27538.808453270613
Ethiopia,2032,27986.469993365958
Ethiopia,2033,28434.13153346139
Ethiopia,2034,28881.793073556764
Faroe Islands,2025,-2355.795024424966
Faroe Islands,2026,-2516.2117112376727
Faroe Islands,2027,-2676.6283980504086
Faroe Islands,2028,-2837.0450848631444
Faroe Islands,2029,-2997.461771675851
Faroe Islands,2030,-3157.878458488587
Faroe Islands,2031,-3318.295145301294
Faroe Islands,2032,-3478.7118321140297
Faroe Islands,2033,-3639.1285189267364
Faroe Islands,2034,-3799.5452057394723
Fiji,2025,39.11707377983839
Fiji,2026,-80.29271523529314
Fiji,2027,-199.70250425042468
Fiji,2028,-319.112293265498
Fiji,2029,-438.52208228062955
Fiji,2030,-557.9318712957611
Fiji,2031,-677.3416603108344
Fiji,2032,-796.751449325966
Fiji,2033,-916.1612383410684
Fiji,2034,-1035.5710273562
Finland,2025,320086.5788747912
Finland,2026,327217.3347733548
Finland,2027,334348.0906719207
Finland,2028,341478.84657048655
Finland,2029,348609.6024690502
Finland,2030,355740.358367616
Finland,2031,362871.11426618183
Finland,2032,370001.8701647477
Finland,2033,377132.62606331136
Finland,2034,384263.3819618772
France,2025,94841.628010799
France,2026,96610.60279070609
France,2027,98379.57757061375
France,2028,100148.55235052085
France,2029,101917.52713042847
France,2030,103686.50191033562
France,2031,105455.47669024325
France,2032,107224.45147015038
France,2033,108993.42625005747
France,2034,110762.40102996511
French Guiana,2025,3776.0087260055006
French Guiana,2026,3684.3373076625576
French Guiana,2027,3592.6658893196436
French Guiana,2028,3500.9944709767005
French Guiana,2029,3409.3230526337866
French Guiana,2030,3317.6516342907853
French Guiana,2031,3225.9802159478713
French Guiana,2032,3134.3087976049283
French Guiana,2033,3042.6373792620143
French Guiana,2034,2950.9659609191003
Gabon,2025,30941.38254435516
Gabon,2026,31601.27478961028
Gabon,2027,32261.167034865342
Gabon,2028,32921.059280120404
Gabon,2029,33580.95152537538
Gabon,2030,34240.8437706305
Gabon,2031,34900.736015885544
Gabon,2032,35560.62826114052
Gabon,2033,36220.52050639561
Gabon,2034,36880.41275165067
Gambia,2025,-2346.5840014472487
Gambia,2026,-2508.3104300118575
Gambia,2027,-2670.036858576437
Gambia,2028,-2831.763287141046
Gambia,2029,-2993.4897157056257
Gambia,2030,-3155.2161442702054
Gambia,2031,-3316.942572834785
Gambia,2032,-3478.669001399365
Gambia,2033,-3640.3954299639736
Gambia,2034,-3802.1218585285824
Georgia,2025,-2602.039624274941
Georgia,2026,-2782.1031084370334
Georgia,2027,-2962.1665925990965
Georgia,2028,-3142.2300767611596
Georgia,2029,-3322.293560923252
Georgia,2030,-3502.357045085344
Georgia,2031,-3682.420529247407
Georgia,2032,-3862.4840134094993
Georgia,2033,-4042.5474975715624
Georgia,2034,-4222.610981733655
Germany,2025,132697.34206543516
Germany,2026,137790.18427023606
Germany,2027,142883.02647503474
Germany,2028,147975.86867983564
Germany,2029,153068.7108846343
Germany,2030,158161.55308943515
Germany,2031,163254.39529423605
Germany,2032,168347.23749903476
Germany,2033,173440.0797038356
Germany,2034,178532.9219086343
Ghana,2025,137895.50275050322
Ghana,2026,142804.92779986636
Ghana,2027,147714.35284923058
Ghana,2028,152623.77789859488
Ghana,2029,157533.2029479592
Ghana,2030,162442.62799732343
Ghana,2031,167352.05304668684
Ghana,2032,172261.47809605085
Ghana,2033,177170.90314541513
Ghana,2034,182080.3281947794
Greece,2025,16837.96765054509
Greece,2026,17232.18203982673
Greece,2027,17626.39642910802
Greece,2028,18020.610818389658
Greece,2029,18414.825207670976
Greece,2030,18809.039596952585
Greece,2031,19203.253986233933
Greece,2032,19597.46837551531
Greece,2033,19991.68276479689
Greece,2034,20385.897154078208
Guadeloupe,2025,-2332.5154260026757
Guadeloupe,2026,-2497.6465531659487
Guadeloupe,2027,-2662.7776803291927
Guadeloupe,2028,-2827.9088074924366
Guadeloupe,2029,-2993.0399346557097
Guadeloupe,2030,-3158.1710618189827
Guadeloupe,2031,-3323.3021889822267
Guadeloupe,2032,-3488.4333161454706
Guadeloupe,2033,-3653.5644433087145
Guadeloupe,2034,-3818.6955704719585
Guatemala,2025,83943.94312935261
Guatemala,2026,84585.36157657896
Guatemala,2027,85226.78002380581
Guatemala,2028,85868.19847103217
Guatemala,2029,86509.61691825875
Guatemala,2030,87151.03536548535
Guatemala,2031,87792.45381271197
Guatemala,2032,88433.8722599386
Guatemala,2033,89075.29070716519
Guatemala,2034,89716.70915439153
Guinea,2025,208138.15924986883
Guinea,2026,217314.74845258158
Guinea,2027,226491.33765529396
Guinea,2028,235667.92685800663
Guinea,2029,244844.5160607194
Guinea,2030,254021.1052634322
Guinea,2031,263197.694466145
Guinea,2032,272374.28366885765
Guinea,2033,281550.8728715705
Guinea,2034,290727.4620742833
Guinea-Bissau,2025,13749.487049422605
Guinea-Bissau,2026,14167.923812926572
Guinea-Bissau,2027,14586.360576430627
Guinea-Bissau,2028,15004.797339934448
Guinea-Bissau,2029,15423.234103438532
Guinea-Bissau,2030,15841.67086694247
Guinea-Bissau,2031,16260.107630446553
Guinea-Bissau,2032,16678.54439395055
Guinea-Bissau,2033,17096.981157454487
Guinea-Bissau,2034,17515.417920958425
Guyana,2025,41756.27890958151
Guyana,2026,43489.67077679385
Guyana,2027,45223.06264400622
Guyana,2028,46956.45451121827
Guyana,2029,48689.84637843091
Guyana,2030,50423.23824564327
Guyana,2031,52156.630112855404
Guyana,2032,53890.021980067744
Guyana,2033,55623.41384728013
Guyana,2034,57356.805714492744
Haiti,2025,1838.4281617183879
Haiti,2026,1778.6375590774696
Haiti,2027,1718.8469564364932
Haiti,2028,1659.0563537955459
Haiti,2029,1599.2657511546277
Haiti,2030,1539.4751485136803
Haiti,2031,1479.684545872762
Haiti,2032,1419.8939432318148
Haiti,2033,1360.1033405908966
Haiti,2034,1300.3127379499492
Honduras,2025,89916.63303774508
Honduras,2026,92454.59800176973
Honduras,2027,94992.5629657944
Honduras,2028,97530.52792981995
Honduras,2029,100068.49289384458
Honduras,2030,102606.45785787018
Honduras,2031,105144.42282189478
Honduras,2032,107682.38778592035
Honduras,2033,110220.35274994498
Honduras,2034,112758.31771396965
Hungary,2025,16085.393814295414
Hungary,2026,16350.42453956441
Hungary,2027,16615.455264833552
Hungary,2028,16880.48599010255
Hungary,2029,17145.516715371574
Hungary,2030,17410.5474406406
Hungary,2031,17675.57816590977
Hungary,2032,17940.608891178796
Hungary,2033,18205.639616447792
Hungary,2034,18470.670341716817
Iceland,2025,-2355.795024424966
Iceland,2026,-2516.2117112376727
Iceland,2027,-2676.6283980504086
Iceland,2028,-2837.0450848631444
Iceland,2029,-2997.461771675851
Iceland,2030,-3157.878458488587
Iceland,2031,-3318.295145301294
Iceland,2032,-3478.7118321140297
Iceland,2033,-3639.1285189267364
Iceland,2034,-3799.5452057394723
India,2025,147695.35818751212
India,2026,152136.78559370217
India,2027,156578.21299989213
India,2028,161019.64040608105
India,2029,165461.06781227113
India,2030,169902.49521846016
India,2031,174343.92262465012
India,2032,178785.35003083915
India,2033,183226.77743702912
India,2034,187668.20484321818
Indonesia,2025,1460031.8982716366
Indonesia,2026,1467452.0454551708
Indonesia,2027,1474872.192638705
Indonesia,2028,1482292.3398222383
Indonesia,2029,1489712.487005772
Indonesia,2030,1497132.6341893068
Indonesia,2031,1504552.78137284
Indonesia,2032,1511972.9285563743
Indonesia,2033,1519393.075739909
Indonesia,2034,1526813.2229234427
Iran,2025,-2776.436370416428
Iran,2026,-2944.0044215417583
Iran,2027,-3111.5724726670596
Iran,2028,-3279.14052379239
Iran,2029,-3446.7085749176913
Iran,2030,-3614.2766260429926
Iran,2031,-3781.844677168294
Iran,2032,-3949.412728293595
Iran,2033,-4116.980779418955
Iran,2034,-4284.548830544285
Iraq,2025,-2360.6798075195984
Iraq,2026,-2521.233735067741
Iraq,2027,-2681.787662615883
Iraq,2028,-2842.3415901639964
Iraq,2029,-3002.8955177121097
Iraq,2030,-3163.449445260223
Iraq,2031,-3324.0033728083654
Iraq,2032,-3484.5573003564787
Iraq,2033,-3645.111227904592
Iraq,2034,-3805.665155452705
Ireland,2025,6421.724296279688
Ireland,2026,6350.910353725572
Ireland,2027,6280.096411171369
Ireland,2028,6209.282468617224
Ireland,2029,6138.46852606305
Ireland,2030,6067.6545835089055
Ireland,2031,5996.8406409547315
Ireland,2032,5926.026698400587
Ireland,2033,5855.212755846413
Ireland,2034,5784.398813292297
Italy,2025,40955.491469076616
Italy,2026,42495.76069510997
Italy,2027,44036.02992114285
Italy,2028,45576.29914717625
Italy,2029,47116.56837320914
Italy,2030,48656.83759924254
Italy,2031,50197.10682527545
Italy,2032,51737.37605130885
Italy,2033,53277.645277341726
Italy,2034,54817.91450337514
Japan,2025,57563.86924840638
Japan,2026,58862.216898344486
Japan,2027,60160.56454828207
Japan,2028,61458.912198220205
Japan,2029,62757.259848158326
Japan,2030,64055.607498095895
Japan,2031,65353.955148034016
Japan,2032,66652.30279797212
Japan,2033,67950.65044791027
Japan,2034,69248.99809784784
Jordan,2025,-2356.3733179225237
Jordan,2026,-2516.795303017745
Jordan,2027,-2677.2172881129372
Jordan,2028,-2837.6392732081877
Jordan,2029,-2998.061258303409
Jordan,2030,-3158.4832433986303
Jordan,2031,-3318.9052284938225
Jordan,2032,-3479.327213589073
Jordan,2033,-3639.7491986842942
Jordan,2034,-3800.1711837795156
Kazakhstan,2025,871.4476723281841
Kazakhstan,2026,786.3679344149423
Kazakhstan,2027,701.2881965017004
Kazakhstan,2028,616.2084585884586
Kazakhstan,2029,531.1287206751877
Kazakhstan,2030,446.0489827619458
Kazakhstan,2031,360.96924484873307
Kazakhstan,2032,275.8895069354621
Kazakhstan,2033,190.80976902219118
Kazakhstan,2034,105.73003110894933
Kenya,2025,10408.56397099499
Kenya,2026,9971.741757714597
Kenya,2027,9534.919544434088
Kenya,2028,9098.097331153578
Kenya,2029,8661.275117873156
Kenya,2030,8224.452904592647
Kenya,2031,7787.6306913122535
Kenya,2032,7350.808478031744
Kenya,2033,6913.986264751205
Kenya,2034,6477.164051470812
Kosovo,2025,-1323.3669323591457
Kosovo,2026,-1466.6892172561202
Kosovo,2027,-1610.0115021530946
Kosovo,2028,-1753.33378705004
Kosovo,2029,-1896.6560719469853
Kosovo,2030,-2039.9783568439889
Kosovo,2031,-2183.300641740905
Kosovo,2032,-2326.6229266379087
Kosovo,2033,-2469.945211534825
Kosovo,2034,-2613.2674964317994
Kyrgyzstan,2025,-2510.5736314243404
Kyrgyzstan,2026,-2677.21032254037
Kyrgyzstan,2027,-2843.847013656341
Kyrgyzstan,2028,-3010.4837047723413
Kyrgyzstan,2029,-3177.1203958883707
Kyrgyzstan,2030,-3343.757087004342
Kyrgyzstan,2031,-3510.393778120313
Kyrgyzstan,2032,-3677.0304692363134
Kyrgyzstan,2033,-3843.6671603522846
Kyrgyzstan,2034,-4010.303851468285
Laos,2025,428050.4702695089
Laos,2026,445017.32584897254
Laos,2027,461984.1814284377
Laos,2028,478951.0370079011
Laos,2029,495917.8925873665
Laos,2030,512884.7481668264
Laos,2031,529851.60374629
Laos,2032,546818.4593257552
Laos,2033,563785.3149052188
Laos,2034,580752.1704846842
Latvia,2025,63049.04099384423
Latvia,2026,64364.969014573784
Latvia,2027,65680.89703530277
Latvia,2028,66996.8250560323
Latvia,2029,68312.7530767613
Latvia,2030,69628.68109749028
Latvia,2031,70944.60911821983
Latvia,2032,72260.53713894883
Latvia,2033,73576.46515967837
Latvia,2034,74892.39318040735
Lebanon,2025,-1888.9872229886823
Lebanon,2026,-2030.9216346288158
Lebanon,2027,-2172.85604626892
Lebanon,2028,-2314.7904579090246
Lebanon,2029,-2456.724869549129
Lebanon,2030,-2598.6592811892333
Lebanon,2031,-2740.5936928293086
Lebanon,2032,-2882.528104469442
Lebanon,2033,-3024.4625161095755
Lebanon,2034,-3166.39692774968
Liberia,2025,210126.2140372013
Liberia,2026,218703.0989041899
Liberia,2027,227279.98377117864
Liberia,2028,235856.86863816722
Liberia,2029,244433.75350515582
Liberia,2030,253010.6383721445
Liberia,2031,261587.52323913228
Liberia,2032,270164.4081061209
Liberia,2033,278741.29297310946
Liberia,2034,287318.1778400982
Lithuania,2025,27812.03484053965
Lithuania,2026,28360.756333239406
Lithuania,2027,28909.477825939102
Lithuania,2028,29458.199318638857
Lithuania,2029,30006.920811338583
Lithuania,2030,30555.64230403831
Lithuania,2031,31104.36379673805
Lithuania,2032,31653.08528943779
Lithuania,2033,32201.806782137515
Lithuania,2034,32750.52827483724
Luxembourg,2025,-1498.4421553082066
Luxembourg,2026,-1632.7198374670115
Luxembourg,2027,-1766.9975196257874
Luxembourg,2028,-1901.2752017845924
Luxembourg,2029,-2035.5528839433973
Luxembourg,2030,-2169.8305661022023
Luxembourg,2031,-2304.1082482610072
Luxembourg,2032,-2438.385930419783
Luxembourg,2033,-2572.663612578588
Luxembourg,2034,-2706.941294737364
Madagascar,2025,357851.332752996
Madagascar,2026,369663.00934819307
Madagascar,2027,381474.6859433865
Madagascar,2028,393286.3625385831
Madagascar,2029,405098.0391337801
Madagascar,2030,416909.7157289773
Madagascar,2031,428721.3923241743
Madagascar,2032,440533.06891936774
Madagascar,2033,452344.74551456486
Madagascar,2034,464156.422109762
Malawi,2025,16894.242461697635
Malawi,2026,17408.701440675824
Malawi,2027,17923.16041965416
Malawi,2028,18437.61939863235
Malawi,2029,18952.078377610625
Malawi,2030,19466.537356588873
Malawi,2031,19980.99633556718
Malawi,2032,20495.45531454534
Malawi,2033,21009.914293523703
Malawi,2034,21524.373272501893
Malaysia,2025,408513.61612895585
Malaysia,2026,408563.60627039144
Malaysia,2027,408613.5964118271
Malaysia,2028,408663.58655326255
Malaysia,2029,408713.5766946984
Malaysia,2030,408763.56683613395
Malaysia,2031,408813.55697756936
Malaysia,2032,408863.547119005
Malaysia,2033,408913.5372604406
Malaysia,2034,408963.52740187605
Mali,2025,-2095.102735693188
Mali,2026,-2250.282482684881
Mali,2027,-2405.462229676603
Mali,2028,-2560.641976668325
Mali,2029,-2715.8217236600176
Mali,2030,-2871.0014706517686
Mali,2031,-3026.1812176434323
Mali,2032,-3181.3609646351542
Mali,2033,-3336.540711626847
Mali,2034,-3491.720458618569
Malta,2025,-2355.8362386832014
Malta,2026,-2516.2546101057087
Malta,2027,-2676.672981528187
Malta,2028,-2837.091352950665
Malta,2029,-2997.5097243731725
Malta,2030,-3157.9280957956507
Malta,2031,-3318.346467218158
Malta,2032,-3478.7648386406363
Malta,2033,-3639.1832100631436
Malta,2034,-3799.601581485622
Martinique,2025,-2317.4499657885754
Martinique,2026,-2482.7855775794887
Martinique,2027,-2648.121189370344
Martinique,2028,-2813.4568011612573
Martinique,2029,-2978.7924129521416
Martinique,2030,-3144.128024743055
Martinique,2031,-3309.46363653391
Martinique,2032,-3474.7992483248236
Martinique,2033,-3640.134860115708
Martinique,2034,-3805.470471906592
Mauritania,2025,-2358.335381001176
Mauritania,2026,-2519.0580404883367
Mauritania,2027,-2679.7806999755267
Mauritania,2028,-2840.5033594626875
Mauritania,2029,-3001.2260189498484
Mauritania,2030,-3161.948678437009
Mauritania,2031,-3322.671337924141
Mauritania,2032,-3483.393997411331
Mauritania,2033,-3644.116656898492
Mauritania,2034,-3804.8393163856526
Micronesia,2025,-2355.030241632252
Micronesia,2026,-2515.4495067756507
Micronesia,2027,-2675.8687719190493
Micronesia,2028,-2836.288037062477
Micronesia,2029,-2996.7073022058757
Micronesia,2030,-3157.1265673492453
Micronesia,2031,-3317.545832492644
Micronesia,2032,-3477.9650976360426
Micronesia,2033,-3638.3843627794413
Micronesia,2034,-3798.80362792284
Mongolia,2025,-6782.083436122281
Mongolia,2026,-8716.519021430693
Mongolia,2027,-10650.954606739135
Mongolia,2028,-12585.390192047518
Mongolia,2029,-14519.82577735593
Mongolia,2030,-16454.2613626644
Mongolia,2031,-18388.696947972756
Mongolia,2032,-20323.13253328117
Mongolia,2033,-22257.56811858958
Mongolia,2034,-24192.003703897994
Morocco,2025,1190.293223208515
Morocco,2026,1120.3958411448693
Morocco,2027,1050.4984590811946
Morocco,2028,980.6010770175199
Morocco,2029,910.703694953816
Morocco,2030,840.8063128901413
Morocco,2031,770.9089308264665
Morocco,2032,701.0115487627918
Morocco,2033,631.1141666991462
Morocco,2034,561.2167846354714
Mozambique,2025,283706.69751746196
Mozambique,2026,291806.7934045694
Mozambique,2027,299906.88929167856
Mozambique,2028,308006.98517878586
Mozambique,2029,316107.08106589527
Mozambique,2030,324207.1769530044
Mozambique,2031,332307.27284011175
Mozambique,2032,340407.36872722104
Mozambique,2033,348507.46461432835
Mozambique,2034,356607.5605014375
Myanmar,2025,379435.7389879697
Myanmar,2026,392346.2059683151
Myanmar,2027,405256.67294866126
Myanmar,2028,418167.1399290103
Myanmar,2029,431077.60690935655
Myanmar,2030,443988.07388970215
Myanmar,2031,456898.5408700485
Myanmar,2032,469809.0078503975
Myanmar,2033,482719.4748307428
Myanmar,2034,495629.94181108905
México,2025,262214.5722796814
México,2026,267193.8726697598
México,2027,272173.17305983807
México,2028,277152.4734499159
México,2029,282131.7738399942
México,2030,287111.07423007244
México,2031,292090.37462015083
México,2032,297069.6750102291
México,2033,302048.975400307
México,2034,307028.2757903853
Namibia,2025,-2407.9826300469867
Namibia,2026,-2576.1790777263523
Namibia,2027,-2744.375525405718
Namibia,2028,-2912.5719730850833
Namibia,2029,-3080.768420764449
Namibia,2030,-3248.9648684438143
Namibia,2031,-3417.16131612318
Namibia,2032,-3585.3577638025454
Namibia,2033,-3753.554211481911
Namibia,2034,-3921.7506591612764
Nepal,2025,-1179.4444323749922
Nepal,2026,-1380.6921444767504
Nepal,2027,-1581.9398565785377
Nepal,2028,-1783.187568680325
Nepal,2029,-1984.4352807820833
Nepal,2030,-2185.682992883929
Nepal,2031,-2386.930704985629
Nepal,2032,-2588.1784170874453
Nepal,2033,-2789.4261291892035
Nepal,2034,-2990.67384129102
Netherlands,2025,-504.4301146127109
Netherlands,2026,-628.8088428171468
Netherlands,2027,-753.1875710215536
Netherlands,2028,-877.5662992259895
Netherlands,2029,-1001.9450274304254
Netherlands,2030,-1126.3237556348322
Netherlands,2031,-1250.702483839239
Netherlands,2032,-1375.081212043675
Netherlands,2033,-1499.4599402480817
Netherlands,2034,-1623.8386684525176
New Caledonia,2025,-906.6501298225776
New Caledonia,2026,-1037.8938099107181
New Caledonia,2027,-1169.1374899988878
New Caledonia,2028,-1300.3811700870283
New Caledonia,2029,-1431.624850175198
New Caledonia,2030,-1562.8685302633385
New Caledonia,2031,-1694.112210351479
New Caledonia,2032,-1825.3558904396195
New Caledonia,2033,-1956.5995705277892
New Caledonia,2034,-2087.843250615959
New Zealand,2025,73088.42600649023
New Zealand,2026,73348.34611673754
New Zealand,2027,73608.26622698481
New Zealand,2028,73868.186337232
New Zealand,2029,74128.10644747928
New Zealand,2030,74388.02655772658
New Zealand,2031,74647.94666797387
New Zealand,2032,74907.86677822117
New Zealand,2033,75167.78688846847
New Zealand,2034,75427.70699871573
Nicaragua,2025,108832.20599512197
Nicaragua,2026,111309.04873376584
Nicaragua,2027,113785.89147241012
Nicaragua,2028,116262.73421105398
Nicaragua,2029,118739.57694969782
Nicaragua,2030,121216.41968834226
Nicaragua,2031,123693.2624269861
Nicaragua,2032,126170.10516563046
Nicaragua,2033,128646.94790427428
Nicaragua,2034,131123.79064291812
Niger,2025,-2355.594032576395
Niger,2026,-2516.0109066996956
Niger,2027,-2676.4277808229963
Niger,2028,-2836.844654946268
Niger,2029,-2997.2615290695685
Niger,2030,-3157.678403192869
Niger,2031,-3318.0952773161407
Niger,2032,-3478.5121514394123
Niger,2033,-3638.929025562713
Niger,2034,-3799.3458996860136
Nigeria,2025,111292.80576152087
Nigeria,2026,115771.62106005405
Nigeria,2027,120250.4363585872
Nigeria,2028,124729.25165712037
Nigeria,2029,129208.06695565446
Nigeria,2030,133686.8822541876
Nigeria,2031,138165.69755272078
Nigeria,2032,142644.51285125397
Nigeria,2033,147123.32814978814
Nigeria,2034,151602.14344832042
North Korea,2025,11168.357509373716
North Korea,2026,11104.054088795878
North Korea,2027,11039.750668218156
North Korea,2028,10975.447247640288
North Korea,2029,10911.143827062508
North Korea,2030,10846.840406484785
North Korea,2031,10782.536985906918
North Korea,2032,10718.233565329196
North Korea,2033,10653.930144751328
North Korea,2034,10589.626724173577
Norway,2025,75094.00199729596
Norway,2026,77486.55586919846
Norway,2027,79879.10974109985
Norway,2028,82271.66361300235
Norway,2029,84664.21748490485
Norway,2030,87056.77135680623
Norway,2031,89449.32522870872
Norway,2032,91841.87910061123
Norway,2033,94234.43297251263
Norway,2034,96626.9868444151
Oman,2025,-2355.7376140191045
Oman,2026,-2516.1543009473244
Oman,2027,-2676.5709878755733
Oman,2028,-2836.987674803793
Oman,2029,-2997.404361732013
Oman,2030,-3157.821048660262
Oman,2031,-3318.237735588482
Oman,2032,-3478.6544225167017
Oman,2033,-3639.0711094449216
Oman,2034,-3799.4877963731706
Pakistan,2025,-2561.5260373336496
Pakistan,2026,-2763.4189314497053
Pakistan,2027,-2965.311825565761
Pakistan,2028,-3167.2047196818166
Pakistan,2029,-3369.0976137979014
Pakistan,2030,-3570.9905079140153
Pakistan,2031,-3772.883402030042
Pakistan,2032,-3974.7762961460976
Pakistan,2033,-4176.669190262153
Pakistan,2034,-4378.562084378238
Palestine,2025,-2355.8547935080423
Palestine,2026,-2516.279982831038
Palestine,2027,-2676.705172154092
Palestine,2028,-2837.1303614770877
Palestine,2029,-2997.5555508001416
Palestine,2030,-3157.9807401231374
Palestine,2031,-3318.405929446162
Palestine,2032,-3478.831118769158
Palestine,2033,-3639.2563080921827
Palestine,2034,-3799.6814974151785
Panama,2025,21730.449821408693
Panama,2026,21792.55525233716
Panama,2027,21854.660683265654
Panama,2028,21916.766114194063
Panama,2029,21978.8715451225
Panama,2030,22040.976976050966
Panama,2031,22103.08240697949
Panama,2032,22165.1878379079
Panama,2033,22227.293268836394
Panama,2034,22289.39869976486
Papua New Guinea,2025,123226.39850622514
Papua New Guinea,2026,126666.8504400491
Papua New Guinea,2027,130107.30237387303
Papua New Guinea,2028,133547.75430769753
Papua New Guinea,2029,136988.20624152097
Papua New Guinea,2030,140428.65817534545
Papua New Guinea,2031,143869.11010916924
Papua New Guinea,2032,147309.56204299378
Papua New Guinea,2033,150750.01397681722
Papua New Guinea,2034,154190.46591064116
Paraguay,2025,293826.08605077304
Paraguay,2026,294086.33996489824
Paraguay,2027,294346.59387902525
Paraguay,2028,294606.84779315133
Paraguay,2029,294867.10170727654
Paraguay,2030,295127.3556214026
Paraguay,2031,295387.6095355288
Paraguay,2032,295647.86344965396
Paraguay,2033,295908.11736378004
Paraguay,2034,296168.3712779053
Peru,2025,272058.6118108167
Peru,2026,280146.6974193405
Peru,2027,288234.78302786394
Peru,2028,296322.86863638595
Peru,2029,304410.9542449094
Peru,2030,312499.0398534314
Peru,2031,320587.1254619551
Peru,2032,328675.2110704787
Peru,2033,336763.2966790006
Peru,2034,344851.38228752394
Philippines,2025,77720.96045568252
Philippines,2026,79021.6405968114
Philippines,2027,80322.32073794022
Philippines,2028,81623.00087906909
Philippines,2029,82923.68102019794
Philippines,2030,84224.36116132679
Philippines,2031,85525.04130245568
Philippines,2032,86825.72144358448
Philippines,2033,88126.40158471334
Philippines,2034,89427.08172584217
Poland,2025,98161.54916148522
Poland,2026,100546.38383571626
Poland,2027,102931.21850994622
Poland,2028,105316.05318417729
Poland,2029,107700.88785840727
Poland,2030,110085.72253263832
Poland,2031,112470.5572068683
Poland,2032,114855.39188109827
Poland,2033,117240.22655532931
Poland,2034,119625.06122955929
Portugal,2025,73607.018756948
Portugal,2026,74960.94539933727
Portugal,2027,76314.87204172608
Portugal,2028,77668.79868411536
Portugal,2029,79022.72532650463
Portugal,2030,80376.65196889389
Portugal,2031,81730.57861128334
Portugal,2032,83084.50525367261
Portugal,2033,84438.4318960619
Portugal,2034,85792.35853845114
Republic Of The Congo,2025,86698.94227708406
Republic Of The Congo,2026,89907.99075896798
Republic Of The Congo,2027,93117.03924085267
Republic Of The Congo,2028,96326.08772273768
Republic Of The Congo,2029,99535.13620462158
Republic Of The Congo,2030,102744.18468650646
Republic Of The Congo,2031,105953.23316839129
Republic Of The Congo,2032,109162.28165027518
Republic Of The Congo,2033,112371.33013216023
Republic Of The Congo,2034,115580.37861404505
Romania,2025,20615.521449210966
Romania,2026,20578.462779821304
Romania,2027,20541.404110431642
Romania,2028,20504.34544104198
Romania,2029,20467.286771652318
Romania,2030,20430.228102262656
Romania,2031,20393.169432873023
Romania,2032,20356.11076348333
Romania,2033,20319.05209409367
Romania,2034,20281.993424704007
Russia,2025,5527151.019689804
Russia,2026,5674086.594070577
Russia,2027,5821022.168451325
Russia,2028,5967957.742832106
Russia,2029,6114893.317212878
Russia,2030,6261828.891593658
Russia,2031,6408764.465974429
Russia,2032,6555700.040355209
Russia,2033,6702635.614735981
Russia,2034,6849571.189116761
Rwanda,2025,1333.194878780574
Rwanda,2026,1303.607975554245
Rwanda,2027,1274.0210723279743
Rwanda,2028,1244.4341691016743
Rwanda,2029,1214.8472658754035
Rwanda,2030,1185.2603626491036
Rwanda,2031,1155.673459422862
Rwanda,2032,1126.086556196562
Rwanda,2033,1096.499652970262
Rwanda,2034,1066.9127497439622
Réunion,2025,-2293.650443298189
Réunion,2026,-2463.488876825635
Réunion,2027,-2633.327310353052
Réunion,2028,-2803.1657438804978
Réunion,2029,-2973.0041774079436
Réunion,2030,-3142.8426109353895
Réunion,2031,-3312.6810444628063
Réunion,2032,-3482.519477990252
Réunion,2033,-3652.357911517669
Réunion,2034,-3822.196345045115
Saint-Barthélemy,2025,-2355.9178920413833
Saint-Barthélemy,2026,-2516.3345807100413
Saint-Barthélemy,2027,-2676.7512693786994
Saint-Barthélemy,2028,-2837.1679580473574
Saint-Barthélemy,2029,-2997.5846467160154
Saint-Barthélemy,2030,-3158.0013353846734
Saint-Barthélemy,2031,-3318.4180240533024
Saint-Barthélemy,2032,-3478.8347127219604
Saint-Barthélemy,2033,-3639.2514013906184
Saint-Barthélemy,2034,-3799.6680900592764
Saudi Arabia,2025,-2355.5714072677074
Saudi Arabia,2026,-2515.9880941763695
Saudi Arabia,2027,-2676.4047810850316
Saudi Arabia,2028,-2836.8214679936937
Saudi Arabia,2029,-2997.2381549023266
Saudi Arabia,2030,-3157.6548418109887
Saudi Arabia,2031,-3318.0715287196217
Saudi Arabia,2032,-3478.488215628284
Saudi Arabia,2033,-3638.904902536946
Saudi Arabia,2034,-3799.321589445579
Senegal,2025,-1931.865345324768
Senegal,2026,-2079.7598317202064
Senegal,2027,-2227.654318115645
Senegal,2028,-2375.5488045110833
Senegal,2029,-2523.4432909065217
Senegal,2030,-2671.33777730196
Senegal,2031,-2819.2322636973986
Senegal,2032,-2967.126750092866
Senegal,2033,-3115.0212364883046
Senegal,2034,-3262.915722883743
Serbia,2025,3673.6012527263374
Serbia,2026,3714.9571344271244
Serbia,2027,3756.313016127824
Serbia,2028,3797.668897828553
Serbia,2029,3839.0247795293108
Serbia,2030,3880.3806612300687
Serbia,2031,3921.7365429307974
Serbia,2032,3963.0924246315553
Serbia,2033,4004.448306332255
Serbia,2034,4045.804188033042
Sierra Leone,2025,190162.90083303273
Sierra Leone,2026,198280.72144800087
Sierra Leone,2027,206398.54206296869
Sierra Leone,2028,214516.36267793662
Sierra Leone,2029,222634.18329290446
Sierra Leone,2030,230752.0039078723
Sierra Leone,2031,238869.824522842
Sierra Leone,2032,246987.64513780992
Sierra Leone,2033,255105.46575277776
Sierra Leone,2034,263223.2863677456
Slovakia,2025,10773.667743573169
Slovakia,2026,10693.73054841059
Slovakia,2027,10613.793353248038
Slovakia,2028,10533.856158085488
Slovakia,2029,10453.918962922908
Slovakia,2030,10373.981767760328
Slovakia,2031,10294.044572597777
Slovakia,2032,10214.107377435255
Slovakia,2033,10134.170182272705
Slovakia,2034,10054.232987110096
Slovenia,2025,3062.89047900078
Slovenia,2026,3105.9539878950454
Slovenia,2027,3149.0174967894272
Slovenia,2028,3192.0810056837217
Slovenia,2029,3235.144514577958
Slovenia,2030,3278.2080234722234
Slovenia,2031,3321.2715323666052
Slovenia,2032,3364.3350412608415
Slovenia,2033,3407.398550155136
Slovenia,2034,3450.4620590494596
Solomon Islands,2025,16749.56445449707
Solomon Islands,2026,17256.099531607557
Solomon Islands,2027,17762.634608717955
Solomon Islands,2028,18269.16968582844
Solomon Islands,2029,18775.70476293878
Solomon Islands,2030,19282.239840049297
Solomon Islands,2031,19788.77491715981
Solomon Islands,2032,20295.30999427021
Solomon Islands,2033,20801.845071380725
Solomon Islands,2034,21308.38014849121
Somalia,2025,-2250.413914464938
Somalia,2026,-2412.6663780541567
Somalia,2027,-2574.9188416433753
Somalia,2028,-2737.171305232623
Somalia,2029,-2899.423768821871
Somalia,2030,-3061.6762324110896
Somalia,2031,-3223.9286960003083
Somalia,2032,-3386.181159589556
Somalia,2033,-3548.433623178804
Somalia,2034,-3710.6860867680225
South Africa,2025,52635.9160396793
South Africa,2026,50731.47562733335
South Africa,2027,48827.035214987365
South Africa,2028,46922.59480264166
South Africa,2029,45018.15439029512
South Africa,2030,43113.71397794917
South Africa,2031,41209.2735656032
South Africa,2032,39304.83315325725
South Africa,2033,37400.392740911266
South Africa,2034,35495.95232856476
South Korea,2025,22936.3450872791
South Korea,2026,23680.84641449814
South Korea,2027,24425.347741717123
South Korea,2028,25169.849068935902
South Korea,2029,25914.350396154885
South Korea,2030,26658.851723373635
South Korea,2031,27403.353050592617
South Korea,2032,28147.854377811687
South Korea,2033,28892.355705030408
South Korea,2034,29636.85703224942
South Sudan,2025,-1794.9310304956161
South Sudan,2026,-2081.955167956592
South Sudan,2027,-2368.979305417597
South Sudan,2028,-2656.003442878573
South Sudan,2029,-2943.027580339549
South Sudan,2030,-3230.051717800554
South Sudan,2031,-3517.075855261559
South Sudan,2032,-3804.099992722535
South Sudan,2033,-4091.1241301835107
South Sudan,2034,-4378.148267644516
Spain,2025,119734.98046883798
Spain,2026,123027.92806836509
Spain,2027,126320.87566789225
Spain,2028,129613.82326741889
Spain,2029,132906.77086694603
Spain,2030,136199.71846647316
Spain,2031,139492.66606600035
Spain,2032,142785.6136655275
Spain,2033,146078.56126505404
Spain,2034,149371.50886458124
Sri Lanka,2025,11186.286992353125
Sri Lanka,2026,11397.107228324545
Sri Lanka,2027,11607.927464295964
Sri Lanka,2028,11818.747700267384
Sri Lanka,2029,12029.567936238804
Sri Lanka,2030,12240.388172210223
Sri Lanka,2031,12451.208408181672
Sri Lanka,2032,12662.028644153062
Sri Lanka,2033,12872.848880124482
Sri Lanka,2034,13083.669116096018
Sudan,2025,-2321.9149884695944
Sudan,2026,-2483.0845198170573
Sudan,2027,-2644.25405116452
Sudan,2028,-2805.423582511983
Sudan,2029,-2966.593113859475
Sudan,2030,-3127.762645206938
Sudan,2031,-3288.932176554372
Sudan,2032,-3450.101707901864
Sudan,2033,-3611.2712392493268
Sudan,2034,-3772.4407705968188
Suriname,2025,32950.99083807507
Suriname,2026,34154.542136235206
Suriname,2027,35358.0934343956
Suriname,2028,36561.64473255587
Suriname,2029,37765.196030715946
Suriname,2030,38968.74732887614
Suriname,2031,40172.29862703633
Suriname,2032,41375.849925196555
Suriname,2033,42579.40122335663
Suriname,2034,43782.95252151688
Swaziland,2025,36.8696946046839
Swaziland,2026,-349.9410700026492
Swaziland,2027,-736.7518346101278
Swaziland,2028,-1123.5625992175483
Swaziland,2029,-1510.3733638249978
Swaziland,2030,-1897.18412843236
Swaziland,2031,-2283.9948930397804
Swaziland,2032,-2670.80565764723
Swaziland,2033,-3057.6164222546795
Swaziland,2034,-3444.4271868620417
Sweden,2025,400388.6251013663
Sweden,2026,408995.6875575005
Sweden,2027,417602.7500136346
Sweden,2028,426209.81246976875
Sweden,2029,434816.87492590287
Sweden,2030,443423.93738203705
Sweden,2031,452030.9998381712
Sweden,2032,460638.06229430536
Sweden,2033,469245.1247504395
Sweden,2034,477852.18720657367
Switzerland,2025,915.4151587336964
Switzerland,2026,840.1837111113709
Switzerland,2027,764.9522634890454
Switzerland,2028,689.7208158666617
Switzerland,2029,614.4893682443071
Switzerland,2030,539.2579206220107
Switzerland,2031,464.026472999627
Switzerland,2032,388.7950253773015
Switzerland,2033,313.563577754976
Switzerland,2034,238.3321301326214
Syria,2025,38.351432792667765
Syria,2026,-34.04572900378844
Syria,2027,-106.44289080021554
Syria,2028,-178.84005259664264
Syria,2029,-251.23721439309884
Syria,2030,-323.63437618958415
Syria,2031,-396.03153798604035
Syria,2032,-468.42869978252565
Syria,2033,-540.8258615789528
Syria,2034,-613.223023375409
São Tomé And Príncipe,2025,-2354.787458098901
São Tomé And Príncipe,2026,-2515.2362441383593
São Tomé And Príncipe,2027,-2675.685030177847
São Tomé And Príncipe,2028,-2836.1338162173342
São Tomé And Príncipe,2029,-2996.582602256851
São Tomé And Príncipe,2030,-3157.0313882963383
São Tomé And Príncipe,2031,-3317.4801743358257
São Tomé And Príncipe,2032,-3477.928960375313
São Tomé And Príncipe,2033,-3638.3777464148006
São Tomé And Príncipe,2034,-3798.826532454288
S√£O Tom√© And Pr√≠Ncipe,2025,-432.8286767228856
S√£O Tom√© And Pr√≠Ncipe,2026,-513.1217657146917
S√£O Tom√© And Pr√≠Ncipe,2027,-593.4148547064979
S√£O Tom√© And Pr√≠Ncipe,2028,-673.707943698304
S√£O Tom√© And Pr√≠Ncipe,2029,-754.0010326901102
S√£O Tom√© And Pr√≠Ncipe,2030,-834.2941216819163
S√£O Tom√© And Pr√≠Ncipe,2031,-914.5872106737224
S√£O Tom√© And Pr√≠Ncipe,2032,-994.8802996655286
S√£O Tom√© And Pr√≠Ncipe,2033,-1075.1733886573347
S√£O Tom√© And Pr√≠Ncipe,2034,-1155.4664776491409
Tajikistan,2025,-2368.966278899752
Tajikistan,2026,-2529.88929616948
Tajikistan,2027,-2690.812313439179
Tajikistan,2028,-2851.735330708907
Tajikistan,2029,-3012.658347978635
Tajikistan,2030,-3173.581365248363
Tajikistan,2031,-3334.504382518091
Tajikistan,2032,-3495.427399787819
Tajikistan,2033,-3656.350417057518
Tajikistan,2034,-3817.273434327246
Tanzania,2025,206556.02821192017
Tanzania,2026,212107.7349907033
Tanzania,2027,217659.44176948653
Tanzania,2028,223211.14854826988
Tanzania,2029,228762.855327053
Tanzania,2030,234314.56210583608
Tanzania,2031,239866.2688846193
Tanzania,2032,245417.97566340244
Tanzania,2033,250969.68244218582
Tanzania,2034,256521.38922096713
Thailand,2025,153131.19874239856
Thailand,2026,156662.58036399138
Thailand,2027,160193.96198558438
Thailand,2028,163725.34360717618
Thailand,2029,167256.7252287692
Thailand,2030,170788.10685036198
Thailand,2031,174319.48847195387
Thailand,2032,177850.87009354687
Thailand,2033,181382.2517151387
Thailand,2034,184913.63333673147
Timor-Leste,2025,-1155.3158863118733
Timor-Leste,2026,-1323.6985663841479
Timor-Leste,2027,-1492.0812464564515
Timor-Leste,2028,-1660.463926528755
Timor-Leste,2029,-1828.8466066010296
Timor-Leste,2030,-1997.2292866733042
Timor-Leste,2031,-2165.6119667455787
Timor-Leste,2032,-2333.9946468178823
Timor-Leste,2033,-2502.377326890157
Timor-Leste,2034,-2670.7600069624314
Togo,2025,3168.131295018771
Togo,2026,3187.6984533670475
Togo,2027,3207.265611715353
Togo,2028,3226.8327700636
Togo,2029,3246.3999284119054
Togo,2030,3265.9670867601526
Togo,2031,3285.534245108429
Togo,2032,3305.1014034567634
Togo,2033,3324.6685618050396
Togo,2034,3344.235720153316
Tunisia,2025,671.7167058284394
Tunisia,2026,625.5400967171299
Tunisia,2027,579.3634876058204
Tunisia,2028,533.18687849454
Tunisia,2029,487.0102693832014
Tunisia,2030,440.83366027192096
Tunisia,2031,394.65705116058234
Tunisia,2032,348.4804420493019
Tunisia,2033,302.3038329379633
Tunisia,2034,256.1272238266538
Turkey,2025,53052.49774518314
Turkey,2026,54542.153245285765
Turkey,2027,56031.80874538876
Turkey,2028,57521.46424549162
Turkey,2029,59011.119745594595
Turkey,2030,60500.77524569722
Turkey,2031,61990.43074580023
Turkey,2032,63480.086245903105
Turkey,2033,64969.741746005704
Turkey,2034,66459.39724610868
Turkmenistan,2025,-2367.763918397308
Turkmenistan,2026,-2529.489500604366
Turkmenistan,2027,-2691.2150828113954
Turkmenistan,2028,-2852.940665018483
Turkmenistan,2029,-3014.666247225512
Turkmenistan,2030,-3176.3918294325704
Turkmenistan,2031,-3338.1174116395996
Turkmenistan,2032,-3499.842993846687
Turkmenistan,2033,-3661.5685760537453
Turkmenistan,2034,-3823.2941582607746
Uganda,2025,79224.79431579997
Uganda,2026,81868.14830279244
Uganda,2027,84511.50228978485
Uganda,2028,87154.85627677826
Uganda,2029,89798.2102637708
Uganda,2030,92441.56425076314
Uganda,2031,95084.9182377557
Uganda,2032,97728.27222474819
Uganda,2033,100371.6262117406
Uganda,2034,103014.98019873397
Ukraine,2025,84233.86581933613
Ukraine,2026,85959.33695763373
Ukraine,2027,87684.8080959313
Ukraine,2028,89410.27923422889
Ukraine,2029,91135.75037252622
Ukraine,2030,92861.22151082383
Ukraine,2031,94586.6926491214
Ukraine,2032,96312.16378741898
Ukraine,2033,98037.63492571632
Ukraine,2034,99763.10606401392
United Arab Emirates,2025,-2355.400775940361
United Arab Emirates,2026,-2515.817462768755
United Arab Emirates,2027,-2676.2341495971486
United Arab Emirates,2028,-2836.6508364255133
United Arab Emirates,2029,-2997.067523253907
United Arab Emirates,2030,-3157.4842100823007
United Arab Emirates,2031,-3317.9008969106653
United Arab Emirates,2032,-3478.317583739059
United Arab Emirates,2033,-3638.7342705674528
United Arab Emirates,2034,-3799.1509573958174
United Kingdom,2025,32473.188162968814
United Kingdom,2026,32876.74823887122
United Kingdom,2027,33280.30831477363
United Kingdom,2028,33683.86839067607
United Kingdom,2029,34087.428466578494
United Kingdom,2030,34490.988542480874
United Kingdom,2031,34894.54861838334
United Kingdom,2032,35298.108694285766
United Kingdom,2033,35701.66877018844
United Kingdom,2034,36105.228846090875
United States,2025,1992544.6426801956
United States,2026,1977094.7446771944
United States,2027,1961644.8466741974
United States,2028,1946194.9486711961
United States,2029,1930745.0506682
United States,2030,1915295.1526651997
United States,2031,1899845.2546622031
United States,2032,1884395.356659206
United States,2033,1868945.4586562053
United States,2034,1853495.5606532083
Uruguay,2025,21065.81197854376
Uruguay,2026,21126.51580442651
Uruguay,2027,21187.219630309264
Uruguay,2028,21247.923456191987
Uruguay,2029,21308.62728207477
Uruguay,2030,21369.331107957434
Uruguay,2031,21430.034933840216
Uruguay,2032,21490.738759722968
Uruguay,2033,21551.44258560572
Uruguay,2034,21612.146411488444
Uzbekistan,2025,-2386.8113754207443
Uzbekistan,2026,-2549.1836543832032
Uzbekistan,2027,-2711.555933345662
Uzbekistan,2028,-2873.9282123081503
Uzbekistan,2029,-3036.300491270609
Uzbekistan,2030,-3198.672770233039
Uzbekistan,2031,-3361.045049195527
Uzbekistan,2032,-3523.417328158015
Uzbekistan,2033,-3685.789607120474
Uzbekistan,2034,-3848.161886082933
Vanuatu,2025,-1704.3205202605168
Vanuatu,2026,-1841.580979682214
Vanuatu,2027,-1978.8414391039405
Vanuatu,2028,-2116.101898525638
Vanuatu,2029,-2253.362357947335
Vanuatu,2030,-2390.6228173690615
Vanuatu,2031,-2527.883276790759
Vanuatu,2032,-2665.143736212456
Vanuatu,2033,-2802.4041956341534
Vanuatu,2034,-2939.66465505588
Venezuela,2025,104056.17818152171
Venezuela,2026,104439.15107405087
Venezuela,2027,104822.1239665803
Venezuela,2028,105205.09685910965
Venezuela,2029,105588.06975163877
Venezuela,2030,105971.04264416805
Venezuela,2031,106354.01553669722
Venezuela,2032,106736.9884292268
Venezuela,2033,107119.9613217559
Venezuela,2034,107502.93421428525
Vietnam,2025,266810.29378303315
Vietnam,2026,274949.1456512854
Vietnam,2027,283087.99751953926
Vietnam,2028,291226.84938779095
Vietnam,2029,299365.701256043
Vietnam,2030,307504.55312429473
Vietnam,2031,315643.40499254875
Vietnam,2032,323782.2568608008
Vietnam,2033,331921.1087290525
Vietnam,2034,340059.96059730416
"Virgin Islands, U.S.",2025,-2292.097653755656
"Virgin Islands, U.S.",2026,-2450.5518664316915
"Virgin Islands, U.S.",2027,-2609.0060791076976
"Virgin Islands, U.S.",2028,-2767.460291783762
"Virgin Islands, U.S.",2029,-2925.914504459797
"Virgin Islands, U.S.",2030,-3084.3687171358324
"Virgin Islands, U.S.",2031,-3242.8229298118677
"Virgin Islands, U.S.",2032,-3401.277142487903
"Virgin Islands, U.S.",2033,-3559.731355163938
"Virgin Islands, U.S.",2034,-3718.1855678399734
Yemen,2025,-2355.3385618025495
Yemen,2026,-2515.7552486152854
Yemen,2027,-2676.171935427992
Yemen,2028,-2836.588622240728
Yemen,2029,-2997.005309053464
Yemen,2030,-3157.4219958661706
Yemen,2031,-3317.8386826788774
Yemen,2032,-3478.2553694916132
Yemen,2033,-3638.672056304349
Yemen,2034,-3799.088743117056
Zambia,2025,200387.12232512684
Zambia,2026,207959.805594851
Zambia,2027,215532.48886457738
Zambia,2028,223105.1721343015
Zambia,2029,230677.85540402745
Zambia,2030,238250.53867375338
Zambia,2031,245823.22194347755
Zambia,2032,253395.9052132035
Zambia,2033,260968.58848292765
Zambia,2034,268541.2717526535
Zimbabwe,2025,7936.791840390244
Zimbabwe,2026,7757.415088021313
Zimbabwe,2027,7578.0383356523525
Zimbabwe,2028,7398.661583283421
Zimbabwe,2029,7219.28483091449
Zimbabwe,2030,7039.90807854553
Zimbabwe,2031,6860.531326176599
Zimbabwe,2032,6681.1545738076675
Zimbabwe,2033,6501.777821438707
Zimbabwe,2034,6322.401069069776
Åland,2025,-965.4708256876329
Åland,2026,-1080.8937529303366
Åland,2027,-1196.3166801730695
Åland,2028,-1311.7396074158023
Åland,2029,-1427.162534658506
Åland,2030,-1542.585461901239
Åland,2031,-1658.0083891439426
Åland,2032,-1773.4313163866464
Åland,2033,-1888.8542436293792
Åland,2034,-2004.277170872112
